timestamp,event,mint,symbol,price_usd,size_usd,fee_usd,pnl_usd,reason
2026-08-27 15:03:59,SKIP,DrMLtQ6Xq1xEtvWvcZnM7gotXNK52ypRsa4X6Y6Hpump,HUNTED,,,,,serial_dev (8878 prior mints)
2026-08-27 15:05:38,SKIP,6e5a3xFpZBuv41EJTGwKh9ki2zQ7xAcqg6y1cMRmpump,100x,,,,,serial_dev (3 prior mints)
2026-08-27 15:05:59,SKIP,GBtzAfxb1DkSWokspqXggxki7BGp7HV2EBMnzJjtpump,CXU,,,,,liquidity_too_high_for_this_strategy (7591 > 5000)
2026-08-27 15:06:30,SKIP,57QXGjw6bQoHGxBqKnR2j1j1U3BC5pLFkpQ3GZxKpump,BEAST,,,,,liquidity_too_high_for_this_strategy (28984 > 5000)
2026-08-27 15:06:48,SKIP,9j3JUQ1A6BsqZqSZyzT1Zb2fKef4fxZQjurYEJVYpump,pun,,,,,serial_dev (5 prior mints)
2026-08-27 15:06:48,SKIP,FCzgaN8VaRfV5EGCM1YsPnM3Qv5PgsBuQSkVrPYEpump,TARDI,,,,,liquidity_too_high_for_this_strategy (10046 > 5000)
2026-08-27 15:06:48,BUY,Ds4h8Etn48hX4GWDbxTWmkNe5ruu5S19boQLqTc7pump,QHAM,0.00000001,2.00,0.0350,,needs 1.065x to exit profitably | tx:
2026-08-27 15:06:55,SELL,Ds4h8Etn48hX4GWDbxTWmkNe5ruu5S19boQLqTc7pump,QHAM,0.00000001,1.64,0.0341,-0.4307,stop_loss | liq=5 holders=17 top_pct=64.0 organic=0 chg5m=-99.7 chg1h=-99.7 organic_buyers5m=0 dev_mints=1 renounced=True lp_locked=True | tx:
2026-08-27 15:09:08,SKIP,A8UccV7jJVqyvnbfSHKhmZRPzRYk3gmBzpZwcYwpump,SWEET,,,,,liquidity_too_high_for_this_strategy (6106 > 5000)
2026-08-27 15:12:44,SKIP,8cLyY5evtKd1JT7dmuaxs8CsTRcj6X9nA5dcetP6pump,FIRST COIN,,,,,serial_dev (14 prior mints)
2026-08-27 15:13:57,BUY,F7XabKn6HDZSqnFz7GLiAhg22SrQN1weiZW8HKehpump,KALINA,0.00002236,2.00,0.0350,,needs 1.065x to exit profitably | tx:
2026-08-27 15:14:22,SELL,F7XabKn6HDZSqnFz7GLiAhg22SrQN1weiZW8HKehpump,KALINA,0.00001866,1.69,0.0342,-0.3828,stop_loss | liq=4635 holders=24 top_pct=70.3 organic=0 chg5m=-52.1 chg1h=-52.1 organic_buyers5m=0 dev_mints=1 renounced=True lp_locked=True | tx:
2026-08-27 15:14:25,SKIP,KYHA7fADjPYRfoswzqkWUvbae2vZ2fHPuPsTfqqpump,bitch,,,,,serial_dev (19 prior mints)
2026-08-27 15:15:02,SKIP,CoTgBjrxcCAzov1so5EYaowWKhpw8kXwdopXX55Lpump,XCASH,,,,,serial_dev (947 prior mints)
2026-08-27 15:15:47,SKIP,DXRwwqNDs9moVb2TigAbeVLzSECoWkxv2x8gpZezpump,红尘飞,,,,,serial_dev (237 prior mints)
2026-08-27 15:17:14,SKIP,GPY8nXs5ahAHzR9kPLZoqBkTb3egmUoRey767UXDWcTP,SIMBA,,,,,liquidity_too_high_for_this_strategy (5633 > 5000)
2026-08-27 15:19:03,SKIP,13s7snUeHt8joL4qUL7f1FyrkXnXMae9VSZMK19wpump,legs,,,,,serial_dev (496 prior mints)
2026-08-27 15:20:27,SKIP,ErQN3R5QRBZ4qnP4AdH5fS9X5kei16hVFyFzNCVspump,WAGMI,,,,,liquidity_too_high_for_this_strategy (7339 > 5000)
2026-08-27 15:22:15,SKIP,CY6kb1KLcaYYwLLry7u3pXCyVrTzuWXnKi1LHjFPpump,JWA,,,,,liquidity_too_high_for_this_strategy (26252 > 5000)
2026-08-27 15:22:30,SKIP,H6V9rnPBHwoMbLNMif43YNRqAqPzGmamZ9MepEuqpump,红尘飞,,,,,already_collapsed (-69%/5m -69%/1h)
2026-08-27 15:24:15,SKIP,DqzqW3GM9jXQEH4KnbLe5SQAWHdDNfk5xjka2BmYpump,MrBull,,,,,liquidity_too_high_for_this_strategy (6588 > 5000)
2026-08-27 15:25:37,SKIP,HZs1iJ5WpcmmAXtkhRPHfjyuc7gQF7WmYqZEMrXXpump,GTA,,,,,serial_dev (372 prior mints)
2026-08-27 15:26:34,SKIP,4DR1raovHvt8SkNobCuzLvxDsURqc5FEPWtesuqapump,ECTF,,,,,liquidity_too_high_for_this_strategy (8575 > 5000)
2026-08-27 15:27:13,SKIP,22Keu35BuypS6991XZ4d7YLvFUbDj936ghbecJDypump,FACE,,,,,serial_dev (8 prior mints)
2026-08-27 15:28:07,SKIP,EvYQb12pDy1uYRnpMGdY24onY7LyMeYbqzpQosHrpump,dbdb,,,,,serial_dev (3 prior mints)
2026-08-27 15:28:32,SKIP,ACyXo8UAkJDcJWQbEcTiyWkM1MxgSXTk69a49LTvpump,PHAGOL,,,,,serial_dev (703 prior mints)
2026-08-27 15:28:38,BUY,8mxbBSyWFUAkrfug3rPvE4GXDG9QB3Z7gVrjFGQypump,BULLDOG,0.00000000,2.00,0.0350,,needs 1.065x to exit profitably | tx:
2026-08-27 15:28:44,SKIP,BH6dNpCvTiaF13F533k6hYy3uvVFicJX9jts6mPmpump,BFP,,,,,serial_dev (2685 prior mints)
2026-08-27 15:28:58,SKIP,FxF6dyEnka5ATDsA22kX2KiMpdnauj3PzhbsNxnupump,FERPIL,,,,,serial_dev (16 prior mints)
2026-08-27 15:29:17,SELL,8mxbBSyWFUAkrfug3rPvE4GXDG9QB3Z7gVrjFGQypump,BULLDOG,0.00000000,1.68,0.0342,-0.3869,stop_loss | liq=3 holders=9 top_pct=55.7 organic=0 chg5m=-52.3 chg1h=-52.3 organic_buyers5m=0 dev_mints=1 renounced=True lp_locked=True | tx:
2026-08-27 15:29:24,SKIP,Egs8MVAZyB8ZRSe9xSw22tbVwUpqQ4sjsvjYCW2Hpump,$30k,,,,,no_liquidity
2026-08-27 15:29:45,SKIP,Bjq253sqNJXMpMFfN1P55yxiujdZdvXa9qKGyAQEpump,CYBERLEAK,,,,,serial_dev (27 prior mints)
2026-08-27 15:30:27,SKIP,8r3RnBqTNUBhqSfmbtog4kYKKLSJiVxrdZXZDUNrpump,Hormuz,,,,,already_pumping_5m (25631.7% > 15%)
2026-08-27 15:31:49,SKIP,3A6gaYSnY2zDrnJjwMKF3qDND7t57UxiYoiD5L6ypump,Gem,,,,,serial_dev (261 prior mints)
2026-08-27 15:32:04,SKIP,GAh1kGbMpfnfEWFMDH4j9tc2nsyeFoGUe7pizrw9pump,GTA,,,,,serial_dev (19 prior mints)
2026-08-27 15:32:13,SKIP,2u3f2fjLabYMqqpyMLjpFXhA8dKppPCuiJwvkxBSpump,CRISPE,,,,,serial_dev (1475 prior mints)
2026-08-27 15:32:34,SKIP,GKqKaUGJezC6JzbBuUBg5Zp24YQ3utTPXrboDuT5pump,RockStar,,,,,liquidity_too_high_for_this_strategy (62832 > 5000)
2026-08-27 15:32:46,SKIP,DmbrGSuXimgJUBD6U8C9h5VfPVecb9EATE889QARpump,TALAFREAKO,,,,,serial_dev (5332 prior mints)
2026-08-27 15:33:17,SKIP,kBD5hEGXUavPuFBEbFCuadZYr9xkyCBUoYFHQ7opump,USWR,,,,,liquidity_too_high_for_this_strategy (51087 > 5000)
2026-08-27 15:33:20,SKIP,77nBYAjvHBj9TgBQjFPrL8tczxnzXGh7F2G7gHi5pump,GTA 6 Coin,,,,,liquidity_too_high_for_this_strategy (330503 > 5000)
2026-08-27 15:33:38,SKIP,5Qj22cWqXLF6QENG7wfhMjiBXcxJYJDpaedPUxxwpump,chopped,,,,,serial_dev (15 prior mints)
2026-08-27 15:33:47,SKIP,Pp3U7o9AJSreeG2EvJi9mktGs9ExAZV5iHBLXvQTdnn,APE,,,,,liquidity_too_high_for_this_strategy (6298 > 5000)
2026-08-27 15:35:14,SKIP,CjKipeEbKkJaLXsac35cgwXEpT2JQFxjgyawE4Gtpump,ECTF,,,,,liquidity_too_high_for_this_strategy (114942 > 5000)
2026-08-27 15:37:57,SKIP,AkXqvn2v1FrzwfXuepS6p5tHqMWe52PAMcGVTLzYpump,Cosbycoin,,,,,liquidity_too_high_for_this_strategy (12049 > 5000)
2026-08-27 15:37:57,SKIP,oHsHZ2KfMXJdjkga5EaBfAhaFGTnj8X4jpNPuCYpump,SCRVAN,,,,,serial_dev (50 prior mints)
2026-08-27 15:39:12,SKIP,FYfeZfwvm8KB9XEpco6unjY44uoBpvsy7TpwZvYWpump,autobion,,,,,too_many_holders_for_this_strategy (375 > 100)
2026-08-27 15:39:24,SKIP,BqNgEuFZfR6ZCVFWDmKAkcFVBSzEcpzxXDfz7foRpump,CashCat,,,,,serial_dev (17 prior mints)
2026-08-27 15:39:45,SKIP,CyuJnun3xicBDQAS4U8C3LL7AqZZrpsxTd6q72Jwpump,Dunkin,,,,,serial_dev (3362 prior mints)
2026-08-27 15:42:58,SKIP,5vjTLmXm6JVGeQ9o39Fih2eFBaaEtGhHUVgfQPNqpump,MOLROC,,,,,serial_dev (175 prior mints)
2026-08-27 15:44:43,SKIP,3XHezy2DfM3b5kqJ3V38SJRJgvwv7FBpqEkbCj4Wpump,Nelon,,,,,serial_dev (39 prior mints)
2026-08-27 15:45:56,SKIP,Ataijhng2bbV2krTtkNxwGHGgBzGEKPtPCuuw8HFpump,AURA,,,,,liquidity_too_high_for_this_strategy (8704 > 5000)
2026-08-27 15:46:20,SKIP,EHEJECx2dYYmDVgXVp7MQeudmx6Z3uLtQiZSxvZfpump,NIULAI,,,,,serial_dev (3 prior mints)
2026-08-27 15:46:32,SKIP,5Nhmtna755WL9abDRVqWm7NX9hLoHfbt6eDJ66eSfVjU,SCAR,,,,,liquidity_too_high_for_this_strategy (20677 > 5000)
2026-08-27 15:47:02,SKIP,FT9CDy2qRexfqpqW6hpjwhKFDykBNcYqP1DnVVuypump,GSEATER,,,,,serial_dev (3955 prior mints)
2026-08-27 15:47:38,SKIP,7rxHQp67U12YoU4NbSD4Xw8kQwoEiMNmwMo9nJNVpump,RST,,,,,liquidity_too_high_for_this_strategy (548915 > 5000)
2026-08-27 15:47:48,SKIP,CwB7iJzehkJqf4wRLhQuA9zAghCA6fhf3F77j8iFpump,MUD,,,,,serial_dev (3 prior mints)
2026-08-27 15:47:51,SKIP,6BM5NmaoK9t2gwxcbSFdUBuiyWpX8WKV5hq8MzCJpump,GTA$,,,,,serial_dev (949 prior mints)
2026-08-27 15:48:00,SKIP,6o4d4XDQPuhzNNVRszgcNbWtfgVEBFzwBoLgJxJTpump,WHATIF,,,,,liquidity_too_high_for_this_strategy (5444 > 5000)
2026-08-27 15:48:18,SKIP,8q1Ejye4VufYVnAJ7KE9mKMtKjno5FAs78ahUCmBpump,see,,,,,serial_dev (66 prior mints)
2026-08-27 15:50:30,SKIP,EhHJSjF7EzHognd9DwjUJAMtFpEudjMoXZcZgbyBpump,TOGETHER,,,,,liquidity_too_high_for_this_strategy (14030 > 5000)
2026-08-27 15:51:15,SKIP,5tZUqzEkKx4Hnn7Lxi35KYZ7xA89uijzpJao9bVa8f4a,ANYA,,,,,liquidity_too_high_for_this_strategy (12314 > 5000)
2026-08-27 15:51:30,SKIP,8oUHt8RJvgZ7NqCdbRRGh7Enfj2VjTQdvJTkKGaApump,PAINTER,,,,,serial_dev (131 prior mints)
2026-08-27 15:52:31,SKIP,D39w6cvY6eE9w9XhxxHUNg1JcgnGPi5qU1uyFfMipump,MOGYOU,,,,,serial_dev (7 prior mints)
2026-08-27 15:52:40,SKIP,Bx11Avt4Pt3iWsZoRYmw5Ujmq81yqy7FQpsSXUVEpump,MESH,,,,,liquidity_too_high_for_this_strategy (5841 > 5000)
2026-08-27 15:54:22,SKIP,33uRB1M14AWpqFey58LYaGeQzvPv8BrKHuY6pLzKpump,ANYA,,,,,serial_dev (11 prior mints)
2026-08-27 15:56:28,SKIP,BLnkX33MyEZEmpBC8XbohjQ762Sw4a8UJv2Xapw6pump,PAINTER,,,,,serial_dev (131 prior mints)
2026-08-27 15:56:49,SKIP,39SEhqUswYGHmrgVv8Pz5DDSivwMnVZ9QQpW3xpopump,$CBL,,,,,serial_dev (50 prior mints)
2026-08-27 15:57:01,SKIP,nyCyFCKDYyAyEjTrmXJ4eurBwL1KeSRQTaeGsPYpump,b,,,,,liquidity_too_high_for_this_strategy (35125 > 5000)
2026-08-27 15:57:32,SKIP,5cANnvZJbebznWyhATrqFSQS7MyqhozBCNUGfSDgpump,LARP,,,,,already_collapsed (-78%/5m -78%/1h)
2026-08-27 15:57:38,SKIP,HCbdZ67uWWoHkwphWNi5FoUgujywmSLsrNFZPKLrpump,appiesol,,,,,liquidity_too_high_for_this_strategy (94288 > 5000)
2026-08-27 15:57:59,SKIP,6VLGuNL6U442CXK5kg4HxmW7qN9QWRcVadkJrDHKpump,$richness,,,,,serial_dev (872 prior mints)
2026-08-27 15:58:05,SKIP,8VBEPwYhrPTQdDjotLz4A9YZeSiyu37H1ppwDWEhcECg,burn,,,,,liquidity_too_high_for_this_strategy (6797 > 5000)
2026-08-27 15:58:23,SKIP,3CYZXB6kK1VREb4dC6tapVe4Pje4EByF6DfDLzcDKM56,DYSON,,,,,liquidity_too_high_for_this_strategy (10004 > 5000)
2026-08-27 15:59:05,SKIP,7GeFadygpXMqfvmvq2UKK8MLrvmxT6U4CyTSNrRSpump,USA,,,,,serial_dev (34 prior mints)
2026-08-27 15:59:08,SKIP,57J3ueLSiXBaEiEUCoP7NdACw3HURuz81Xudu7c5pump,PEARD,,,,,too_many_holders_for_this_strategy (201 > 100)
2026-08-27 15:59:08,SKIP,DC6JDuEyU3BEaeHjvKJLAdpsYuNXXyxrofG3GLk3pump,idrop,,,,,serial_dev (74 prior mints)
2026-08-27 15:59:17,SKIP,BFE9y6o4iXcT5FGF4CjtTW1BCAiN77bw3bjef4Sbpump,heaven,,,,,serial_dev (872 prior mints)
2026-08-27 16:00:20,SKIP,9L9Eu1Nk3WKbws3F5Mz19K5cuseMEUyALgQVAHpvpump,BLACOM,,,,,serial_dev (109 prior mints)
2026-08-27 16:00:45,SKIP,8sz5vZTpVP7KRNXuTYddze27sHUD3PdiBEY4XtVjpump,APES,,,,,liquidity_too_high_for_this_strategy (9918 > 5000)
2026-08-27 16:01:00,SKIP,Bh36hccohL7GNsYBKCgoSHQ68pN6qySHeg55yrTGpump,ARIS,,,,,serial_dev (955 prior mints)
2026-08-27 16:01:30,SKIP,HWcAQSYukYTsemXfFK5fDNynJ4gyDQX6WFspLSzYpump,CASINOGEM,,,,,serial_dev (3963 prior mints)
2026-08-27 16:02:27,SKIP,5XXfA5WDhFtwqpgKYLCmhnWjXkv1rLuXgVXEczuwpump,Dyson,,,,,serial_dev (5 prior mints)
2026-08-27 16:02:57,SKIP,ZFRb1nAdjtY9z3Ns6VutdZvSQLj7v537d87km6fpump,USWR,,,,,liquidity_too_high_for_this_strategy (168642 > 5000)
2026-08-27 16:04:57,SKIP,7C5zSL18M7ZKd633ycJhBeifKP4NqPRDtpcprq464zzg,SCAR,,,,,liquidity_too_high_for_this_strategy (9561 > 5000)
2026-08-27 16:06:10,SKIP,FZyykRB8zCN13LSggmBSbJCczgwjZmnjEydVLPBhpump,cash cat,,,,,serial_dev (1495 prior mints)
2026-08-27 16:06:31,SKIP,3VNj5KhvhRM4BAXRHQqfepdwxsSfDnd71iH1NL7qpump,CYBERLEEK,,,,,serial_dev (36 prior mints)
2026-08-27 16:06:37,SKIP,7cxMsHG3hdRssj7NAFrdJTGqCFwm7NRPy5APixuZpump,GTA6,,,,,liquidity_too_high_for_this_strategy (385406 > 5000)
2026-08-27 16:06:49,SKIP,GngGEHaCuoaUp3mc76f2dJgBZDKpneKTaQgxUDw34n6f,Ansumbo,,,,,too_many_holders_for_this_strategy (372 > 100)
2026-08-27 16:07:04,SKIP,2gYcXM4pHV6fcXoTU4mYRysZM8HSshGPbG64tgiPewsB,ANSUMBO,,,,,liquidity_too_high_for_this_strategy (9412 > 5000)
2026-08-27 16:07:28,SKIP,CeWnY5Bxb83SMm1QXkZqX1ogE2wwBscgEnYG5HNFpump,MESH,,,,,liquidity_too_high_for_this_strategy (6246 > 5000)
2026-08-27 16:07:41,SKIP,FQdNP6FH8xF66yVFoGabQbzXY3ZKHPtoJzpBPPyHpump,SQUIRREL,,,,,serial_dev (337 prior mints)
2026-08-27 16:07:53,SKIP,Ff87TcLPeaBNVVP7zUQCs52vzyjHmDZ66cdXpWWipump,MSD,,,,,serial_dev (13 prior mints)
2026-08-27 16:09:20,SKIP,D9xJ4hP5WAVvWicCTpDSJeKdrfGRrqPTejjgV6MYpump,SPLASH,,,,,serial_dev (2421 prior mints)
2026-08-27 16:09:44,SKIP,2eLUnjGvGAGkRwHVXT3BeThbEF9NP9uyDzLWCzGbKeQw,ECTF,,,,,liquidity_too_high_for_this_strategy (8074 > 5000)
2026-08-27 16:09:53,SKIP,cGrb8sjrs6pRAYaowftBVT8eLBxr1JZoW5yhpadpump,JOB,,,,,already_collapsed (-100%/5m -100%/1h)
2026-08-27 16:10:08,SKIP,2e3BHSf1NZUs6pnvT2iZx6BVvi1J85KbtdjkFKXspump,GTA 6 Coin,,,,,liquidity_too_high_for_this_strategy (492534 > 5000)
2026-08-27 16:11:03,SKIP,BqFKt31HAzWWiAWJpJwgA48DoMbMFC5asR1HTsmcxeAU,ANSUMBO,,,,,already_pumping_5m (119.7% > 15%)
2026-08-27 16:12:21,SKIP,FbQaGTa83cZySjyHZoKEYGLhA52gxfhp2Pu5G6VYWqKH,TRUMP,,,,,serial_dev (13753 prior mints)
2026-08-27 16:12:39,SKIP,CsiSQbgJRKsgNYK9uqpuR6Ww4v33n21RiEN28ceepump,HOOKED,,,,,liquidity_too_high_for_this_strategy (29706 > 5000)
2026-08-27 16:13:09,SKIP,Fi7sBu9SpLMfvACAbwzwFXqpdDbrdFb4ZWjsZxY7pump,HIT,,,,,serial_dev (9 prior mints)
2026-08-27 16:14:00,SKIP,3cmUgTZqUNDpUZReUxZC4CXc2cKNyfcf6uJhpDHppump,SINGULARITY-0,,,,,serial_dev (104 prior mints)
2026-08-27 16:14:24,SKIP,S59X5UhAqiqAZcJcJdPUfqAeSioADHNhWNuRzBMpump,SINGULARITY-o,,,,,serial_dev (956 prior mints)
2026-08-27 16:15:49,SKIP,DVMgsGac9bvEfa1uiSCw4pheAX5HeXZyCFgbvDzppump,pepeonfone,,,,,liquidity_too_high_for_this_strategy (7719 > 5000)
2026-08-27 16:17:37,SKIP,7iKXuHkpnwGeHxicupCGMDEEaeyjaFvzKEBm7bCnpump,yue,,,,,liquidity_too_high_for_this_strategy (6920 > 5000)
2026-08-27 16:20:37,SKIP,B8oaTSPTUCRTvsXeiWsYMr35n79zm4x28ZJJqgrfpump,ESOL,,,,,serial_dev (13 prior mints)
2026-08-27 16:23:29,SKIP,8fmZ7i4mVQ6iUTR8U3hg3bFt1hzznkqHbBc9qCt8pump,wheat,,,,,serial_dev (27854 prior mints)
2026-08-27 16:24:05,SKIP,2NxseX64L4CFBxSimrF68kcwm1FPkBgBB84V4Etwpump,FOMOAPE,,,,,liquidity_too_high_for_this_strategy (11837 > 5000)
2026-08-27 16:25:26,SKIP,686bcJ3wR1xnGk9CnXpn4J9d1yF299nu1E4YLnbupump,Metro,,,,,too_many_holders_for_this_strategy (146 > 100)
2026-08-27 16:25:47,SKIP,3RGAiXgthMLRuzF7sxvbeZU4fqrpW1gqRz6tFt4Tpump,HNiC,,,,,serial_dev (4 prior mints)
2026-08-27 16:26:05,SKIP,8uPrSiW1VD3ruXtnKLZgBHCLRjJc2nTNSKVd6F5bpump,Elephant,,,,,liquidity_too_high_for_this_strategy (9440 > 5000)
2026-08-27 16:27:06,SKIP,oJvR2TBhzWDLbGWK2QW1smJt3xrv5qsJTYqSDVApump,Cuck,,,,,serial_dev (3769 prior mints)
2026-08-27 16:27:12,SKIP,6rBadz8XWsTpRDFSdWEJPnKtgVcyaWQXf6yuXAhZpump,p.w.,,,,,liquidity_too_high_for_this_strategy (94117 > 5000)
2026-08-27 16:29:18,SKIP,3gp4MUbG8nTFntv6AyN6WabDVWFVcfoXatdz2MnVpump,MESH,,,,,too_many_holders_for_this_strategy (121 > 100)
2026-08-27 16:29:54,SKIP,8WuRQkbsHULkaokqYxb36Vdbd5KewyJL7vgDJNrWpump,BLADE,,,,,too_many_holders_for_this_strategy (355 > 100)
2026-08-27 16:30:27,SKIP,HrdwHCt49W7gQCc3aCRTUp8TbfhWkjuQArJxz3qwpump,mufone,,,,,liquidity_too_high_for_this_strategy (15094 > 5000)
2026-08-27 16:32:30,SKIP,Hr3mRJNNGpeRWKMcoHnx7tE7orD5N5Vy88aDp6zpump,ASOS,,,,,liquidity_too_high_for_this_strategy (68648 > 5000)
2026-08-27 16:34:10,SKIP,3pEpSFLX6qdPoLX4J7a8viFsmmJ2TUxQFHzmjKRJpump,LEGO,,,,,liquidity_too_high_for_this_strategy (29032 > 5000)
2026-08-27 16:34:13,SKIP,FKPvarQMcN9GyAmniQcZjdVvyhB3kMKAGnrxZkp2pump,DOGGY,,,,,serial_dev (35 prior mints)
2026-08-27 16:35:16,SKIP,BQEJVZRWiivXDdwLCG5UCjabXcLAH3DkWkCwfXqCpump,GTAVI,,,,,serial_dev (10 prior mints)
2026-08-27 16:35:55,SKIP,CjMndic5ACQBUHxdbGyLGdk8JJPRNxxm3Ruix9Gwpump,Trumpnocio,,,,,serial_dev (262 prior mints)
2026-08-27 16:36:37,SKIP,ebmbijo1ybodoanvqm3ita1EivmjjXDWYBBsikWpump,NTDA,,,,,liquidity_too_high_for_this_strategy (80938 > 5000)
2026-08-27 16:36:56,SKIP,Et7xFMDbJkT9fEUdYfCe1mxeu8QCftartPkdxggwpump,HACKER,,,,,serial_dev (70 prior mints)
2026-08-27 16:37:20,SKIP,Ci13cqUqvmZ7rBuaJQci6qedeAR55WwHgEUzaqjDpump,MIM,,,,,serial_dev (20 prior mints)
2026-08-27 16:38:35,SKIP,GabFdFYLtfMkUcE7TBfhy4tWfm8ZgApPD4SfnFLepump,psyop,,,,,serial_dev (14 prior mints)
2026-08-27 16:38:44,SKIP,9d2QV2NAXKboTmc7oPo9GycM2FKKP4H2DTunf2J3pump,TROLL,,,,,liquidity_too_high_for_this_strategy (7764 > 5000)
2026-08-27 16:38:50,SKIP,9RoDqYXaeFrS939E4MZ817xjCjFgGMAAtvYfmD7Kpump,币安猫,,,,,not_dipping_5m (2.6% > -5%)
2026-08-27 16:39:20,SKIP,7p8x3WLCwQbcr6gX437yDjf3ADaLXLEHBQiPtELjpump,CURYET,,,,,serial_dev (47 prior mints)
2026-08-27 16:39:39,SKIP,5fy2XP2x3uLfnBfek4k4RXLTqVioaoP8VK6WS1FWpump,GTALEAK,,,,,serial_dev (143 prior mints)
2026-08-27 16:41:00,SKIP,AxdYN6dFrbjxWfDxXQCnp2E4YxdMpmwN2fuczpiMpump,YAHU,,,,,serial_dev (37 prior mints)
2026-08-27 16:41:18,SKIP,768onUTENWDyyX9j24HSWTZbFCk7LAjrhkx922s5pump,OFC,,,,,serial_dev (10 prior mints)
2026-08-27 16:42:39,SKIP,GqquFjKwagF1EVZEKmQ1hkK3o7ywR3qsjbqMzw9Upump,FIRE,,,,,serial_dev (60 prior mints)
2026-08-27 16:43:09,SKIP,CcE87zXnRKG7YU49N8wdcZr2YRFENpwqVStyo2f9pump,ECTF,,,,,liquidity_too_high_for_this_strategy (93852 > 5000)
2026-08-27 16:43:12,SKIP,GhSo4QbKc8QZ9ZVTU6CHvz8xiZGEi8Vs8iprKhfmpump,HIT,,,,,serial_dev (18 prior mints)
2026-08-27 16:43:31,SKIP,CnpvPDTc9gT2ueEaV2bxaTRZdN8R9iY4DMQNmXCgpump,HUMAN.exe,,,,,not_dipping_5m (5.4% > -5%)
2026-08-27 16:44:34,SKIP,Bq6L8fLp9tegPTiPj5TRPm4h8DpaaEJ8TdXssUtwpump,FROGDOM,,,,,liquidity_too_high_for_this_strategy (6546 > 5000)
2026-08-27 16:45:13,SKIP,N8tZrGHZgxhxVLKgqJRKC2wTL8Ur7YhijU8kg2ppump,WOFI,,,,,liquidity_too_high_for_this_strategy (770061 > 5000)
2026-08-27 16:45:16,SKIP,5mFiHKyTxfCNLSZXFnHYAAUpu59ijb7i3VYmP6vJpump,GG,,,,,serial_dev (260 prior mints)
2026-08-27 16:45:25,SKIP,GBMoFa65yUQxHnaLGyrr2vQ3ERLgyriEKrQGsRMkpump,VOLPIR,,,,,serial_dev (7 prior mints)
