timestamp,event,mint,symbol,setup,price_usd,size_usd,fee_usd,pnl_usd,rug_verdict,movement,features,reason
2026-08-27 18:18:23,SCREEN,FZqdw6oSDCbHtKYxmhnfbi97SnyVy8jaYpdCoMrrjKa2,Pistacio,,,,,,SAFE,,,SAFE score=92 | warn:dev_history
2026-08-27 18:18:26,SCREEN,AA33znW3bciXvrj8AUwPryVgDiasmEGxaqCwjHEWGdkd,b,,,,,,SAFE,,,"SAFE score=84 | warn:dev_history,organic_buyers_5m"
2026-08-27 18:18:28,SCREEN,6ismWYLTwvzngqAzeWLhAfq1jSY2yv8hG55te1HnTw9j,MUFASA,,,,,,RUG_RISK,,,RUG_RISK score=100 | hard_fail:sell_route
2026-08-27 18:18:28,SKIP,6ismWYLTwvzngqAzeWLhAfq1jSY2yv8hG55te1HnTw9j,MUFASA,,,,,,RUG_RISK,,,rug_screen: RUG_RISK score=100 | hard_fail:sell_route
2026-08-27 18:18:33,SCREEN,TTWofwAge91oFhZs7kpQdyrVRkmevgM88xijGvQFbKo,TTWO,,,,,,RUG_RISK,,,"RUG_RISK score=92 | hard_fail:mint_authority,freeze_authority,top10_holders | warn:organic_buyers_5m"
2026-08-27 18:18:33,SKIP,TTWofwAge91oFhZs7kpQdyrVRkmevgM88xijGvQFbKo,TTWO,,,,,,RUG_RISK,,,"rug_screen: RUG_RISK score=92 | hard_fail:mint_authority,freeze_authority,top10_holders | warn:organic_buyers_5m"
2026-08-27 18:18:36,SCREEN,6GmAFSYs4gk3FDao5FzzySQpPZaWsa4rUJHacpMpUNgx,STONK,,,,,,SAFE,,,"SAFE score=84 | warn:dev_history,organic_buyers_5m"
2026-08-27 18:18:38,SCREEN,4kjruqGHDsSqkMdFfCjV7Vb62HPFhtXyWc2t6JpQzDnz,GTA6,,,,,,SAFE,,,SAFE score=92 | warn:dev_history
2026-08-27 18:18:46,SCREEN,SKHYhSjuRWHgikq8eRKbtBbpABgJSkd7ytQV14i9EQ3,SKHY,,,,,,RUG_RISK,,,"RUG_RISK score=92 | hard_fail:mint_authority,freeze_authority,top1_holder,top10_holders | warn:organic_buyers_5m"
2026-08-27 18:18:46,SKIP,SKHYhSjuRWHgikq8eRKbtBbpABgJSkd7ytQV14i9EQ3,SKHY,,,,,,RUG_RISK,,,"rug_screen: RUG_RISK score=92 | hard_fail:mint_authority,freeze_authority,top1_holder,top10_holders | warn:organic_buyers_5m"
2026-08-27 18:18:48,SCREEN,E3i7sTY5QYEBh3itepnomZQt7Eh5kzmHFk1vkm2pump,cc,,,,,,SAFE,,,"SAFE score=84 | warn:organic_buyers_5m,order_flow_5m"
2026-08-27 18:18:52,SCREEN,Ge87EtsjwRQbHaqQmKRno69RFTwh9bfSsm99XNxTpump,Jimothy,,,,,,SAFE,,,SAFE score=100
2026-08-27 18:19:06,SCREEN,7n8kRipxAQBfpGQtcGA2AbkM2HASSVCzqZ5F3QEopump,Zoe,,,,,,SAFE,,,SAFE score=92 | warn:dev_history
2026-08-27 18:19:11,SCREEN,DMXBsVBwfuzc5axa2vz6Ba2BzAxcUmn6V7ZtsJFEpump,TOADS,,,,,,SAFE,,,"SAFE score=84 | warn:dev_history,order_flow_5m"
2026-08-27 18:19:20,SCREEN,zj1jpp7QMveWHLs61vL9KMZf254KvW7j4AAmBF8ry2k,BULLSHIT,,,,,,SAFE,,,SAFE score=100
2026-08-27 18:20:54,SKIP,FZqdw6oSDCbHtKYxmhnfbi97SnyVy8jaYpdCoMrrjKa2,Pistacio,,,,,,SAFE,,,no_price_data (5 ticks / 151s)
2026-08-27 18:20:57,SKIP,AA33znW3bciXvrj8AUwPryVgDiasmEGxaqCwjHEWGdkd,b,,,,,,SAFE,,,no_price_data (5 ticks / 151s)
2026-08-27 18:21:23,SKIP,6GmAFSYs4gk3FDao5FzzySQpPZaWsa4rUJHacpMpUNgx,STONK,,,,,,SAFE,,,no_price_data (6 ticks / 168s)
2026-08-27 18:21:24,SKIP,4kjruqGHDsSqkMdFfCjV7Vb62HPFhtXyWc2t6JpQzDnz,GTA6,,,,,,SAFE,,,no_price_data (6 ticks / 166s)
2026-08-27 18:21:26,SKIP,E3i7sTY5QYEBh3itepnomZQt7Eh5kzmHFk1vkm2pump,cc,,,,,,SAFE,,,no_price_data (6 ticks / 158s)
2026-08-27 18:21:27,SKIP,Ge87EtsjwRQbHaqQmKRno69RFTwh9bfSsm99XNxTpump,Jimothy,,,,,,SAFE,,,no_price_data (6 ticks / 155s)
2026-08-27 18:21:37,SKIP,7n8kRipxAQBfpGQtcGA2AbkM2HASSVCzqZ5F3QEopump,Zoe,,,,,,SAFE,,,no_price_data (7 ticks / 151s)
2026-08-27 18:21:46,SKIP,DMXBsVBwfuzc5axa2vz6Ba2BzAxcUmn6V7ZtsJFEpump,TOADS,,,,,,SAFE,,,no_price_data (8 ticks / 155s)
2026-08-27 18:21:55,SKIP,zj1jpp7QMveWHLs61vL9KMZf254KvW7j4AAmBF8ry2k,BULLSHIT,,,,,,SAFE,,,no_price_data (9 ticks / 155s)
2026-08-27 18:25:28,SCREEN,FZqdw6oSDCbHtKYxmhnfbi97SnyVy8jaYpdCoMrrjKa2,Pistacio,,,,,,SAFE,,,SAFE score=92 | warn:dev_history
2026-08-27 18:25:31,SCREEN,AA33znW3bciXvrj8AUwPryVgDiasmEGxaqCwjHEWGdkd,b,,,,,,SAFE,,,"SAFE score=84 | warn:dev_history,organic_buyers_5m"
2026-08-27 18:25:36,SCREEN,6ismWYLTwvzngqAzeWLhAfq1jSY2yv8hG55te1HnTw9j,MUFASA,,,,,,SAFE,,,SAFE score=100
2026-08-27 18:25:41,SCREEN,TTWofwAge91oFhZs7kpQdyrVRkmevgM88xijGvQFbKo,TTWO,,,,,,RUG_RISK,,,"RUG_RISK score=92 | hard_fail:mint_authority,freeze_authority,top10_holders | warn:organic_buyers_5m"
2026-08-27 18:25:41,SKIP,TTWofwAge91oFhZs7kpQdyrVRkmevgM88xijGvQFbKo,TTWO,,,,,,RUG_RISK,,,"rug_screen: RUG_RISK score=92 | hard_fail:mint_authority,freeze_authority,top10_holders | warn:organic_buyers_5m"
2026-08-27 18:25:44,SCREEN,6GmAFSYs4gk3FDao5FzzySQpPZaWsa4rUJHacpMpUNgx,STONK,,,,,,SAFE,,,"SAFE score=84 | warn:dev_history,organic_buyers_5m"
2026-08-27 18:25:48,SCREEN,4kjruqGHDsSqkMdFfCjV7Vb62HPFhtXyWc2t6JpQzDnz,GTA6,,,,,,SAFE,,,SAFE score=92 | warn:dev_history
2026-08-27 18:25:53,SCREEN,SKHYhSjuRWHgikq8eRKbtBbpABgJSkd7ytQV14i9EQ3,SKHY,,,,,,RUG_RISK,,,"RUG_RISK score=92 | hard_fail:mint_authority,freeze_authority,top1_holder,top10_holders | warn:organic_buyers_5m"
2026-08-27 18:25:53,SKIP,SKHYhSjuRWHgikq8eRKbtBbpABgJSkd7ytQV14i9EQ3,SKHY,,,,,,RUG_RISK,,,"rug_screen: RUG_RISK score=92 | hard_fail:mint_authority,freeze_authority,top1_holder,top10_holders | warn:organic_buyers_5m"
2026-08-27 18:25:55,SCREEN,E3i7sTY5QYEBh3itepnomZQt7Eh5kzmHFk1vkm2pump,cc,,,,,,SAFE,,,"SAFE score=84 | warn:organic_buyers_5m,order_flow_5m"
2026-08-27 18:26:00,SCREEN,Ge87EtsjwRQbHaqQmKRno69RFTwh9bfSsm99XNxTpump,Jimothy,,,,,,SAFE,,,SAFE score=100
2026-08-27 18:26:04,SCREEN,7n8kRipxAQBfpGQtcGA2AbkM2HASSVCzqZ5F3QEopump,Zoe,,,,,,SAFE,,,"SAFE score=84 | warn:dev_history,order_flow_5m"
2026-08-27 18:26:07,SCREEN,DMXBsVBwfuzc5axa2vz6Ba2BzAxcUmn6V7ZtsJFEpump,TOADS,,,,,,SAFE,,,SAFE score=92 | warn:dev_history
2026-08-27 18:26:15,SCREEN,zj1jpp7QMveWHLs61vL9KMZf254KvW7j4AAmBF8ry2k,BULLSHIT,,,,,,SAFE,,,SAFE score=100
2026-08-27 18:28:19,SKIP,FZqdw6oSDCbHtKYxmhnfbi97SnyVy8jaYpdCoMrrjKa2,Pistacio,,,,,,SAFE,,,no_price_data (6 ticks / 171s)
2026-08-27 18:28:22,SKIP,AA33znW3bciXvrj8AUwPryVgDiasmEGxaqCwjHEWGdkd,b,,,,,,SAFE,,,no_price_data (6 ticks / 171s)
2026-08-27 18:28:24,SKIP,6ismWYLTwvzngqAzeWLhAfq1jSY2yv8hG55te1HnTw9j,MUFASA,,,,,,SAFE,,,no_price_data (6 ticks / 168s)
2026-08-27 18:28:26,SKIP,6GmAFSYs4gk3FDao5FzzySQpPZaWsa4rUJHacpMpUNgx,STONK,,,,,,SAFE,,,no_price_data (6 ticks / 162s)
2026-08-27 18:28:28,SKIP,4kjruqGHDsSqkMdFfCjV7Vb62HPFhtXyWc2t6JpQzDnz,GTA6,,,,,,SAFE,,,no_price_data (6 ticks / 160s)
2026-08-27 18:28:33,SKIP,E3i7sTY5QYEBh3itepnomZQt7Eh5kzmHFk1vkm2pump,cc,,,,,,SAFE,,,no_price_data (6 ticks / 158s)
2026-08-27 18:28:35,SKIP,Ge87EtsjwRQbHaqQmKRno69RFTwh9bfSsm99XNxTpump,Jimothy,,,,,,SAFE,,,no_price_data (6 ticks / 155s)
2026-08-27 18:28:37,SKIP,7n8kRipxAQBfpGQtcGA2AbkM2HASSVCzqZ5F3QEopump,Zoe,,,,,,SAFE,,,no_price_data (6 ticks / 153s)
2026-08-27 18:28:39,SKIP,DMXBsVBwfuzc5axa2vz6Ba2BzAxcUmn6V7ZtsJFEpump,TOADS,,,,,,SAFE,,,no_price_data (6 ticks / 153s)
2026-08-27 18:28:48,SKIP,zj1jpp7QMveWHLs61vL9KMZf254KvW7j4AAmBF8ry2k,BULLSHIT,,,,,,SAFE,,,no_price_data (7 ticks / 153s)
2026-08-27 18:34:53,SCREEN,EhCzWhMyUAo87bQ663fV2A6reLhXgdhdcf9ynJV8pump,POKEMON,,,,,,SAFE,,,SAFE score=100
2026-08-27 20:05:21,SCREEN,FZqdw6oSDCbHtKYxmhnfbi97SnyVy8jaYpdCoMrrjKa2,Pistacio,,,,,,SAFE,,,SAFE score=92 | warn:dev_history
2026-08-27 20:05:32,SCREEN,AA33znW3bciXvrj8AUwPryVgDiasmEGxaqCwjHEWGdkd,b,,,,,,SAFE,,,SAFE score=92 | warn:dev_history
2026-08-27 20:05:35,SCREEN,6ismWYLTwvzngqAzeWLhAfq1jSY2yv8hG55te1HnTw9j,MUFASA,,,,,,RUG_RISK,,,RUG_RISK score=100 | hard_fail:sell_route
2026-08-27 20:05:35,SKIP,6ismWYLTwvzngqAzeWLhAfq1jSY2yv8hG55te1HnTw9j,MUFASA,,,,,,RUG_RISK,,,rug_screen: RUG_RISK score=100 | hard_fail:sell_route
2026-08-27 20:05:40,SCREEN,TTWofwAge91oFhZs7kpQdyrVRkmevgM88xijGvQFbKo,TTWO,,,,,,RUG_RISK,,,"RUG_RISK score=92 | hard_fail:mint_authority,freeze_authority,top10_holders,sell_route | warn:organic_buyers_5m"
2026-08-27 20:05:40,SKIP,TTWofwAge91oFhZs7kpQdyrVRkmevgM88xijGvQFbKo,TTWO,,,,,,RUG_RISK,,,"rug_screen: RUG_RISK score=92 | hard_fail:mint_authority,freeze_authority,top10_holders,sell_route | warn:organic_buyers_5m"
2026-08-27 20:05:45,SCREEN,hgin2YeSuc6JXDwiTKGxZaw1xkDHKicUAHPV3u9pump,PHASEONE,,,,,,SAFE,,,"SAFE score=84 | warn:dev_history,organic_buyers_5m"
2026-08-27 20:05:48,SCREEN,6GmAFSYs4gk3FDao5FzzySQpPZaWsa4rUJHacpMpUNgx,STONK,,,,,,SAFE,,,"SAFE score=84 | warn:dev_history,organic_buyers_5m"
2026-08-27 20:05:52,SCREEN,4kjruqGHDsSqkMdFfCjV7Vb62HPFhtXyWc2t6JpQzDnz,GTA6,,,,,,SAFE,,,SAFE score=92 | warn:dev_history
2026-08-27 20:05:55,SCREEN,SKHYhSjuRWHgikq8eRKbtBbpABgJSkd7ytQV14i9EQ3,SKHY,,,,,,RUG_RISK,,,"RUG_RISK score=92 | hard_fail:mint_authority,freeze_authority,top1_holder,top10_holders | warn:organic_buyers_5m"
2026-08-27 20:05:55,SKIP,SKHYhSjuRWHgikq8eRKbtBbpABgJSkd7ytQV14i9EQ3,SKHY,,,,,,RUG_RISK,,,"rug_screen: RUG_RISK score=92 | hard_fail:mint_authority,freeze_authority,top1_holder,top10_holders | warn:organic_buyers_5m"
2026-08-27 20:05:57,SCREEN,E3i7sTY5QYEBh3itepnomZQt7Eh5kzmHFk1vkm2pump,cc,,,,,,RUG_RISK,,,"RUG_RISK score=84 | hard_fail:sell_route | warn:organic_buyers_5m,order_flow_5m"
2026-08-27 20:05:57,SKIP,E3i7sTY5QYEBh3itepnomZQt7Eh5kzmHFk1vkm2pump,cc,,,,,,RUG_RISK,,,"rug_screen: RUG_RISK score=84 | hard_fail:sell_route | warn:organic_buyers_5m,order_flow_5m"
2026-08-27 20:06:02,SCREEN,7n8kRipxAQBfpGQtcGA2AbkM2HASSVCzqZ5F3QEopump,Zoe,,,,,,SAFE,,,SAFE score=92 | warn:dev_history
2026-08-27 20:06:06,SCREEN,Ge87EtsjwRQbHaqQmKRno69RFTwh9bfSsm99XNxTpump,Jimothy,,,,,,SAFE,,,"SAFE score=84 | warn:organic_buyers_5m,order_flow_5m"
2026-08-27 20:06:14,SCREEN,zj1jpp7QMveWHLs61vL9KMZf254KvW7j4AAmBF8ry2k,BULLSHIT,,,,,,SAFE,,,SAFE score=100
2026-08-27 20:06:17,SCREEN,EhCzWhMyUAo87bQ663fV2A6reLhXgdhdcf9ynJV8pump,POKEMON,,,,,,RUG_RISK,,,RUG_RISK score=92 | hard_fail:sell_route | warn:organic_buyers_5m
2026-08-27 20:06:17,SKIP,EhCzWhMyUAo87bQ663fV2A6reLhXgdhdcf9ynJV8pump,POKEMON,,,,,,RUG_RISK,,,rug_screen: RUG_RISK score=92 | hard_fail:sell_route | warn:organic_buyers_5m
2026-08-27 20:06:58,SCREEN,DMXBsVBwfuzc5axa2vz6Ba2BzAxcUmn6V7ZtsJFEpump,TOADS,,,,,,SAFE,,,SAFE score=92 | warn:dev_history
2026-08-27 20:07:49,SCREEN,HG3sZ52NRmNpm2BueL1MSBM3krr5M6YJtQohjNyhpump,BANDOS,,,,,,SAFE,,,SAFE score=100
2026-08-27 20:07:51,SKIP,FZqdw6oSDCbHtKYxmhnfbi97SnyVy8jaYpdCoMrrjKa2,Pistacio,,,,,,SAFE,,,no_price_data (4 ticks / 150s)
2026-08-27 20:08:38,SKIP,AA33znW3bciXvrj8AUwPryVgDiasmEGxaqCwjHEWGdkd,b,,,,,,,,,buy_failed: 429 Client Error: Too Many Requests for url: https://api.jup.ag/price/v3?ids=So11111111111111111111111111111111111111112
2026-08-27 20:08:42,SKIP,hgin2YeSuc6JXDwiTKGxZaw1xkDHKicUAHPV3u9pump,PHASEONE,,,,,,,,,"buy_failed: Jupiter could not build a swap: {'code': 429, 'message': '[API Gateway] Too many requests'}"
2026-08-27 20:08:48,SKIP,6GmAFSYs4gk3FDao5FzzySQpPZaWsa4rUJHacpMpUNgx,STONK,,,,,,SAFE,,,no_price_data (4 ticks / 180s)
2026-08-27 20:08:53,SKIP,4kjruqGHDsSqkMdFfCjV7Vb62HPFhtXyWc2t6JpQzDnz,GTA6,,,,,,SAFE,,,no_price_data (4 ticks / 180s)
2026-08-27 20:08:57,SKIP,7n8kRipxAQBfpGQtcGA2AbkM2HASSVCzqZ5F3QEopump,Zoe,,,,,,SAFE,bo:1h_out_of_band (-12%); pb:1h_out_of_band (-12%),,setup: bo:1h_out_of_band (-12%); pb:1h_out_of_band (-12%)
2026-08-27 20:09:04,SKIP,Ge87EtsjwRQbHaqQmKRno69RFTwh9bfSsm99XNxTpump,Jimothy,,,,,,SAFE,,,no_price_data (4 ticks / 122s)
2026-08-27 20:09:07,SKIP,zj1jpp7QMveWHLs61vL9KMZf254KvW7j4AAmBF8ry2k,BULLSHIT,,,,,,SAFE,,,no_price_data (3 ticks / 173s)
2026-08-27 20:09:33,SKIP,DMXBsVBwfuzc5axa2vz6Ba2BzAxcUmn6V7ZtsJFEpump,TOADS,,,,,,SAFE,bo:1h_out_of_band (-12%); pb:1h_out_of_band (-12%),,setup: bo:1h_out_of_band (-12%); pb:1h_out_of_band (-12%)
2026-08-27 20:10:25,SKIP,HG3sZ52NRmNpm2BueL1MSBM3krr5M6YJtQohjNyhpump,BANDOS,,,,,,SAFE,bo:1h_out_of_band (-9%); bo:late_slope (-2.69); pb:1h_out_of_band (-9%),,setup: bo:1h_out_of_band (-9%); bo:late_slope (-2.69); pb:1h_out_of_band (-9%)
2026-08-27 20:11:15,SCREEN,FZqdw6oSDCbHtKYxmhnfbi97SnyVy8jaYpdCoMrrjKa2,Pistacio,,,,,,RUG_RISK,,,RUG_RISK score=92 | hard_fail:sell_route | warn:dev_history
2026-08-27 20:11:15,SKIP,FZqdw6oSDCbHtKYxmhnfbi97SnyVy8jaYpdCoMrrjKa2,Pistacio,,,,,,RUG_RISK,,,rug_screen: RUG_RISK score=92 | hard_fail:sell_route | warn:dev_history
2026-08-27 20:11:22,SCREEN,6ismWYLTwvzngqAzeWLhAfq1jSY2yv8hG55te1HnTw9j,MUFASA,,,,,,SAFE,,,SAFE score=100
2026-08-27 20:11:31,SCREEN,TTWofwAge91oFhZs7kpQdyrVRkmevgM88xijGvQFbKo,TTWO,,,,,,RUG_RISK,,,"RUG_RISK score=92 | hard_fail:mint_authority,freeze_authority,top10_holders | warn:organic_buyers_5m"
2026-08-27 20:11:31,SKIP,TTWofwAge91oFhZs7kpQdyrVRkmevgM88xijGvQFbKo,TTWO,,,,,,RUG_RISK,,,"rug_screen: RUG_RISK score=92 | hard_fail:mint_authority,freeze_authority,top10_holders | warn:organic_buyers_5m"
2026-08-27 20:11:33,SCREEN,hgin2YeSuc6JXDwiTKGxZaw1xkDHKicUAHPV3u9pump,PHASEONE,,,,,,SAFE,,,"SAFE score=84 | warn:dev_history,organic_buyers_5m"
2026-08-27 20:11:38,SCREEN,6GmAFSYs4gk3FDao5FzzySQpPZaWsa4rUJHacpMpUNgx,STONK,,,,,,SAFE,,,"SAFE score=84 | warn:dev_history,organic_buyers_5m"
2026-08-27 20:11:42,SCREEN,4kjruqGHDsSqkMdFfCjV7Vb62HPFhtXyWc2t6JpQzDnz,GTA6,,,,,,SAFE,,,SAFE score=92 | warn:dev_history
2026-08-27 20:11:44,SCREEN,SKHYhSjuRWHgikq8eRKbtBbpABgJSkd7ytQV14i9EQ3,SKHY,,,,,,RUG_RISK,,,"RUG_RISK score=92 | hard_fail:mint_authority,freeze_authority,top1_holder,top10_holders | warn:organic_buyers_5m"
2026-08-27 20:11:44,SKIP,SKHYhSjuRWHgikq8eRKbtBbpABgJSkd7ytQV14i9EQ3,SKHY,,,,,,RUG_RISK,,,"rug_screen: RUG_RISK score=92 | hard_fail:mint_authority,freeze_authority,top1_holder,top10_holders | warn:organic_buyers_5m"
2026-08-27 20:11:48,SCREEN,E3i7sTY5QYEBh3itepnomZQt7Eh5kzmHFk1vkm2pump,cc,,,,,,RUG_RISK,,,RUG_RISK score=92 | hard_fail:sell_route | warn:organic_buyers_5m
2026-08-27 20:11:48,SKIP,E3i7sTY5QYEBh3itepnomZQt7Eh5kzmHFk1vkm2pump,cc,,,,,,RUG_RISK,,,rug_screen: RUG_RISK score=92 | hard_fail:sell_route | warn:organic_buyers_5m
2026-08-27 20:11:54,SCREEN,7n8kRipxAQBfpGQtcGA2AbkM2HASSVCzqZ5F3QEopump,Zoe,,,,,,SAFE,,,SAFE score=92 | warn:dev_history
2026-08-27 20:11:58,SCREEN,Ge87EtsjwRQbHaqQmKRno69RFTwh9bfSsm99XNxTpump,Jimothy,,,,,,SAFE,,,SAFE score=92 | warn:organic_buyers_5m
2026-08-27 20:12:05,SCREEN,zj1jpp7QMveWHLs61vL9KMZf254KvW7j4AAmBF8ry2k,BULLSHIT,,,,,,SAFE,,,SAFE score=100
2026-08-27 20:12:08,SCREEN,EhCzWhMyUAo87bQ663fV2A6reLhXgdhdcf9ynJV8pump,POKEMON,,,,,,SAFE,,,SAFE score=92 | warn:organic_buyers_5m
2026-08-27 20:13:57,BUY,6ismWYLTwvzngqAzeWLhAfq1jSY2yv8hG55te1HnTw9j,MUFASA,breakout,0.0001120906,5.00,0.0011,,SAFE,"breakout: -5.4% off high, 1h +9%, flow 27/23, late slope 4.49",rug_score=100;liq_usd=16757;mcap_usd=108948;vol24_usd=7.6088e+06;holders=3043;top1_pct=16.67;organic_score=75;chg5m_pct=-3.43;chg1h_pct=9.21;chg24h_pct=286.93;organic_buyers_5m=6;buys_5m=27;sells_5m=23;dev_mints=1;setup_breakout=1;setup_pullback=0;mv_return_pct=-5.438;mv_drawdown_pct=-5.438;mv_slope=-3.1074;mv_late_slope=4.4928;mv_vol_pct=2.219;mv_below_high_pct=-5.438;mv_above_low_pct=1.856;mv_holder_growth=-1.182;mv_liq_trend_pct=-3.028,breakout | stop 0.0000986397 | SAFE score=100
2026-08-27 20:14:44,SKIP,hgin2YeSuc6JXDwiTKGxZaw1xkDHKicUAHPV3u9pump,PHASEONE,,,,,,SAFE,bo:flow_weak (0/3); pb:dd_out_of_band (-0.0%),,setup: bo:flow_weak (0/3); pb:dd_out_of_band (-0.0%)
2026-08-27 20:14:54,BUY,6GmAFSYs4gk3FDao5FzzySQpPZaWsa4rUJHacpMpUNgx,STONK,pullback,0.0154581881,5.00,0.0011,,SAFE,"pullback: 1h +-4%, retrace 1.0% off peak, 5m 1.1%, late slope -1.25",rug_score=84;liq_usd=845916;mcap_usd=1.38857e+07;vol24_usd=4.57418e+06;holders=12620;top1_pct=19.63;organic_score=89.66;chg5m_pct=1.08;chg1h_pct=-4.14;chg24h_pct=12.72;organic_buyers_5m=1;buys_5m=4;sells_5m=9;dev_mints=5810;setup_breakout=0;setup_pullback=1;mv_return_pct=-0.899;mv_drawdown_pct=-0.954;mv_slope=-0.0191;mv_late_slope=-1.2474;mv_vol_pct=0.692;mv_below_high_pct=-0.954;mv_above_low_pct=0.099;mv_holder_growth=0.307;mv_liq_trend_pct=-0.108,"pullback | stop 0.0136032055 | SAFE score=84 | warn:dev_history,organic_buyers_5m"
2026-08-27 20:14:56,SKIP,4kjruqGHDsSqkMdFfCjV7Vb62HPFhtXyWc2t6JpQzDnz,GTA6,,,,,,SAFE,bo:1h_out_of_band (-6%); pb:1h_out_of_band (-6%); pb:dd_out_of_band (-0.0%),,setup: bo:1h_out_of_band (-6%); pb:1h_out_of_band (-6%); pb:dd_out_of_band (-0.0%)
2026-08-27 20:14:58,SKIP,7n8kRipxAQBfpGQtcGA2AbkM2HASSVCzqZ5F3QEopump,Zoe,,,,,,SAFE,bo:1h_out_of_band (-20%); bo:5m_negative (-6.5%); pb:1h_out_of_band (-20%),,setup: bo:1h_out_of_band (-20%); bo:5m_negative (-6.5%); pb:1h_out_of_band (-20%)
2026-08-27 20:15:06,SKIP,Ge87EtsjwRQbHaqQmKRno69RFTwh9bfSsm99XNxTpump,Jimothy,,,,,,,,,buy_failed: Jupiter could not build a swap: Insufficient funds
2026-08-27 20:15:08,SKIP,zj1jpp7QMveWHLs61vL9KMZf254KvW7j4AAmBF8ry2k,BULLSHIT,,,,,,,,,buy_failed: Jupiter could not build a swap: Insufficient funds
2026-08-27 20:15:15,SKIP,EhCzWhMyUAo87bQ663fV2A6reLhXgdhdcf9ynJV8pump,POKEMON,,,,,,SAFE,bo:not_near_high (-26.5%); bo:window_flat (-26.5%); bo:5m_negative (-39.0%); bo:flow_weak (23/37),,setup: bo:not_near_high (-26.5%); bo:window_flat (-26.5%); bo:5m_negative (-39.0%); bo:flow_weak (23/37)
2026-08-27 20:16:11,SCREEN,DMXBsVBwfuzc5axa2vz6Ba2BzAxcUmn6V7ZtsJFEpump,TOADS,,,,,,RUG_RISK,,,RUG_RISK score=92 | hard_fail:sell_route | warn:dev_history
2026-08-27 20:16:11,SKIP,DMXBsVBwfuzc5axa2vz6Ba2BzAxcUmn6V7ZtsJFEpump,TOADS,,,,,,RUG_RISK,,,rug_screen: RUG_RISK score=92 | hard_fail:sell_route | warn:dev_history
2026-08-27 20:16:31,SCREEN,HG3sZ52NRmNpm2BueL1MSBM3krr5M6YJtQohjNyhpump,BANDOS,,,,,,SAFE,,,SAFE score=90 | warn:price_5m
2026-08-27 20:16:32,ERROR,6ismWYLTwvzngqAzeWLhAfq1jSY2yv8hG55te1HnTw9j,MUFASA,,,,,,,,,sell_failed: 429 Client Error: Too Many Requests for url: https://api.jup.ag/price/v3?ids=So11111111111111111111111111111111111111112
2026-08-27 20:16:45,ERROR,6ismWYLTwvzngqAzeWLhAfq1jSY2yv8hG55te1HnTw9j,MUFASA,,,,,,,,,sell_failed: 429 Client Error: Too Many Requests for url: https://api.jup.ag/price/v3?ids=So11111111111111111111111111111111111111112
2026-08-27 20:16:54,ERROR,6ismWYLTwvzngqAzeWLhAfq1jSY2yv8hG55te1HnTw9j,MUFASA,,,,,,,,,sell_failed: 429 Client Error: Too Many Requests for url: https://api.jup.ag/price/v3?ids=So11111111111111111111111111111111111111112
2026-08-27 20:17:19,SELL,6ismWYLTwvzngqAzeWLhAfq1jSY2yv8hG55te1HnTw9j,MUFASA,breakout,0.0000890851,4.05,0.0011,-1.0284,,,rug_score=100;liq_usd=16757;mcap_usd=108948;vol24_usd=7.6088e+06;holders=3043;top1_pct=16.67;organic_score=75;chg5m_pct=-3.43;chg1h_pct=9.21;chg24h_pct=286.93;organic_buyers_5m=6;buys_5m=27;sells_5m=23;dev_mints=1;setup_breakout=1;setup_pullback=0;mv_return_pct=-5.438;mv_drawdown_pct=-5.438;mv_slope=-3.1074;mv_late_slope=4.4928;mv_vol_pct=2.219;mv_below_high_pct=-5.438;mv_above_low_pct=1.856;mv_holder_growth=-1.182;mv_liq_trend_pct=-3.028,hard_stop (-19%)
2026-08-27 20:17:33,SCREEN,FZqdw6oSDCbHtKYxmhnfbi97SnyVy8jaYpdCoMrrjKa2,Pistacio,,,,,,SAFE,,,SAFE score=92 | warn:dev_history
2026-08-27 20:17:36,SCREEN,TTWofwAge91oFhZs7kpQdyrVRkmevgM88xijGvQFbKo,TTWO,,,,,,RUG_RISK,,,"RUG_RISK score=92 | hard_fail:mint_authority,freeze_authority,top10_holders | warn:organic_buyers_5m"
2026-08-27 20:17:36,SKIP,TTWofwAge91oFhZs7kpQdyrVRkmevgM88xijGvQFbKo,TTWO,,,,,,RUG_RISK,,,"rug_screen: RUG_RISK score=92 | hard_fail:mint_authority,freeze_authority,top10_holders | warn:organic_buyers_5m"
2026-08-27 20:17:43,SCREEN,4kjruqGHDsSqkMdFfCjV7Vb62HPFhtXyWc2t6JpQzDnz,GTA6,,,,,,SAFE,,,"SAFE score=84 | warn:dev_history,organic_buyers_5m"
2026-08-27 20:17:54,SCREEN,SKHYhSjuRWHgikq8eRKbtBbpABgJSkd7ytQV14i9EQ3,SKHY,,,,,,RUG_RISK,,,"RUG_RISK score=92 | hard_fail:mint_authority,freeze_authority,top1_holder,top10_holders | warn:organic_buyers_5m"
2026-08-27 20:17:54,SKIP,SKHYhSjuRWHgikq8eRKbtBbpABgJSkd7ytQV14i9EQ3,SKHY,,,,,,RUG_RISK,,,"rug_screen: RUG_RISK score=92 | hard_fail:mint_authority,freeze_authority,top1_holder,top10_holders | warn:organic_buyers_5m"
2026-08-27 20:17:57,SCREEN,E3i7sTY5QYEBh3itepnomZQt7Eh5kzmHFk1vkm2pump,cc,,,,,,SAFE,,,SAFE score=92 | warn:organic_buyers_5m
2026-08-27 20:18:04,SCREEN,7n8kRipxAQBfpGQtcGA2AbkM2HASSVCzqZ5F3QEopump,Zoe,,,,,,RUG_RISK,,,"RUG_RISK score=84 | hard_fail:sell_route | warn:dev_history,organic_buyers_5m"
2026-08-27 20:18:04,SKIP,7n8kRipxAQBfpGQtcGA2AbkM2HASSVCzqZ5F3QEopump,Zoe,,,,,,RUG_RISK,,,"rug_screen: RUG_RISK score=84 | hard_fail:sell_route | warn:dev_history,organic_buyers_5m"
2026-08-27 20:18:09,SCREEN,Ge87EtsjwRQbHaqQmKRno69RFTwh9bfSsm99XNxTpump,Jimothy,,,,,,SAFE,,,SAFE score=100
2026-08-27 20:18:16,SCREEN,zj1jpp7QMveWHLs61vL9KMZf254KvW7j4AAmBF8ry2k,BULLSHIT,,,,,,SAFE,,,SAFE score=100
2026-08-27 20:18:50,SCREEN,hgin2YeSuc6JXDwiTKGxZaw1xkDHKicUAHPV3u9pump,PHASEONE,,,,,,SAFE,,,"SAFE score=84 | warn:dev_history,organic_buyers_5m"
2026-08-27 20:19:20,SKIP,HG3sZ52NRmNpm2BueL1MSBM3krr5M6YJtQohjNyhpump,BANDOS,,,,,,SAFE,bo:window_flat (-9.5%); bo:1h_out_of_band (-47%); bo:5m_negative (-12.1%); bo:late_slope (-3.83),,setup: bo:window_flat (-9.5%); bo:1h_out_of_band (-47%); bo:5m_negative (-12.1%); bo:late_slope (-3.83)
2026-08-27 20:20:23,BUY,FZqdw6oSDCbHtKYxmhnfbi97SnyVy8jaYpdCoMrrjKa2,Pistacio,breakout,0.0043722246,5.00,0.0011,,SAFE,"breakout: -1.8% off high, 1h +9%, flow 74/88, late slope -0.83",rug_score=92;liq_usd=508835;mcap_usd=4.25294e+06;vol24_usd=1.06341e+07;holders=18876;top1_pct=12.72;organic_score=92.03;chg5m_pct=-0.87;chg1h_pct=8.87;chg24h_pct=-10.29;organic_buyers_5m=8;buys_5m=74;sells_5m=88;dev_mints=3888;setup_breakout=1;setup_pullback=0;mv_return_pct=-1.651;mv_drawdown_pct=-1.756;mv_slope=-0.6095;mv_late_slope=-0.8327;mv_vol_pct=0.398;mv_below_high_pct=-1.756;mv_above_low_pct=0;mv_holder_growth=-2.143;mv_liq_trend_pct=-0.422,breakout | stop 0.0038475576 | SAFE score=92 | warn:dev_history
2026-08-27 20:20:23,SKIP,4kjruqGHDsSqkMdFfCjV7Vb62HPFhtXyWc2t6JpQzDnz,GTA6,,,,,,,,,buy_failed: 429 Client Error: Too Many Requests for url: https://api.jup.ag/price/v3?ids=So11111111111111111111111111111111111111112
2026-08-27 20:20:46,SKIP,E3i7sTY5QYEBh3itepnomZQt7Eh5kzmHFk1vkm2pump,cc,,,,,,SAFE,bo:flow_weak (16/26); pb:dd_out_of_band (-0.0%),,setup: bo:flow_weak (16/26); pb:dd_out_of_band (-0.0%)
2026-08-27 20:20:52,SKIP,Ge87EtsjwRQbHaqQmKRno69RFTwh9bfSsm99XNxTpump,Jimothy,,,,,,,,,buy_failed: 429 Client Error: Too Many Requests for url: https://api.jup.ag/price/v3?ids=So11111111111111111111111111111111111111112
2026-08-27 20:20:56,SKIP,zj1jpp7QMveWHLs61vL9KMZf254KvW7j4AAmBF8ry2k,BULLSHIT,,,,,,,,,buy_failed: 429 Client Error: Too Many Requests for url: https://api.jup.ag/price/v3?ids=So11111111111111111111111111111111111111112
2026-08-27 20:21:21,SKIP,hgin2YeSuc6JXDwiTKGxZaw1xkDHKicUAHPV3u9pump,PHASEONE,,,,,,,,,buy_failed: Jupiter could not build a swap: Insufficient funds
2026-08-27 20:22:26,SCREEN,DMXBsVBwfuzc5axa2vz6Ba2BzAxcUmn6V7ZtsJFEpump,TOADS,,,,,,SAFE,,,SAFE score=92 | warn:dev_history
2026-08-27 20:23:34,SCREEN,TTWofwAge91oFhZs7kpQdyrVRkmevgM88xijGvQFbKo,TTWO,,,,,,RUG_RISK,,,"RUG_RISK score=92 | hard_fail:mint_authority,freeze_authority,top10_holders | warn:organic_buyers_5m"
2026-08-27 20:23:34,SKIP,TTWofwAge91oFhZs7kpQdyrVRkmevgM88xijGvQFbKo,TTWO,,,,,,RUG_RISK,,,"rug_screen: RUG_RISK score=92 | hard_fail:mint_authority,freeze_authority,top10_holders | warn:organic_buyers_5m"
2026-08-27 20:23:37,SCREEN,4kjruqGHDsSqkMdFfCjV7Vb62HPFhtXyWc2t6JpQzDnz,GTA6,,,,,,SAFE,,,"SAFE score=84 | warn:dev_history,organic_buyers_5m"
2026-08-27 20:23:51,SCREEN,7n8kRipxAQBfpGQtcGA2AbkM2HASSVCzqZ5F3QEopump,Zoe,,,,,,SAFE,,,"SAFE score=84 | warn:dev_history,organic_buyers_5m"
2026-08-27 20:23:59,SCREEN,E3i7sTY5QYEBh3itepnomZQt7Eh5kzmHFk1vkm2pump,cc,,,,,,SAFE,,,"SAFE score=84 | warn:organic_buyers_5m,order_flow_5m"
2026-08-27 20:24:06,SCREEN,SKHYhSjuRWHgikq8eRKbtBbpABgJSkd7ytQV14i9EQ3,SKHY,,,,,,RUG_RISK,,,"RUG_RISK score=92 | hard_fail:mint_authority,freeze_authority,top1_holder,top10_holders | warn:organic_buyers_5m"
2026-08-27 20:24:06,SKIP,SKHYhSjuRWHgikq8eRKbtBbpABgJSkd7ytQV14i9EQ3,SKHY,,,,,,RUG_RISK,,,"rug_screen: RUG_RISK score=92 | hard_fail:mint_authority,freeze_authority,top1_holder,top10_holders | warn:organic_buyers_5m"
2026-08-27 20:24:09,SCREEN,Ge87EtsjwRQbHaqQmKRno69RFTwh9bfSsm99XNxTpump,Jimothy,,,,,,SAFE,,,SAFE score=100
2026-08-27 20:24:13,SCREEN,zj1jpp7QMveWHLs61vL9KMZf254KvW7j4AAmBF8ry2k,BULLSHIT,,,,,,RUG_RISK,,,RUG_RISK score=100 | hard_fail:sell_route
2026-08-27 20:24:13,SKIP,zj1jpp7QMveWHLs61vL9KMZf254KvW7j4AAmBF8ry2k,BULLSHIT,,,,,,RUG_RISK,,,rug_screen: RUG_RISK score=100 | hard_fail:sell_route
2026-08-27 20:25:02,SCREEN,hgin2YeSuc6JXDwiTKGxZaw1xkDHKicUAHPV3u9pump,PHASEONE,,,,,,RUG_RISK,,,"RUG_RISK score=84 | hard_fail:sell_route | warn:dev_history,organic_buyers_5m"
2026-08-27 20:25:02,SKIP,hgin2YeSuc6JXDwiTKGxZaw1xkDHKicUAHPV3u9pump,PHASEONE,,,,,,RUG_RISK,,,"rug_screen: RUG_RISK score=84 | hard_fail:sell_route | warn:dev_history,organic_buyers_5m"
2026-08-27 20:25:05,SKIP,DMXBsVBwfuzc5axa2vz6Ba2BzAxcUmn6V7ZtsJFEpump,TOADS,,,,,,SAFE,bo:flow_weak (18/26); pb:dd_out_of_band (0.2%),,setup: bo:flow_weak (18/26); pb:dd_out_of_band (0.2%)
2026-08-27 20:26:14,SKIP,4kjruqGHDsSqkMdFfCjV7Vb62HPFhtXyWc2t6JpQzDnz,GTA6,,,,,,SAFE,bo:1h_out_of_band (-12%); bo:5m_negative (-10.3%); bo:flow_weak (53/94); pb:1h_out_of_band (-12%),,setup: bo:1h_out_of_band (-12%); bo:5m_negative (-10.3%); bo:flow_weak (53/94); pb:1h_out_of_band (-12%)
2026-08-27 20:26:28,SKIP,7n8kRipxAQBfpGQtcGA2AbkM2HASSVCzqZ5F3QEopump,Zoe,,,,,,SAFE,bo:1h_out_of_band (-25%); bo:5m_negative (-10.6%); pb:1h_out_of_band (-25%); pb:still_dumping (-10.6%),,setup: bo:1h_out_of_band (-25%); bo:5m_negative (-10.6%); pb:1h_out_of_band (-25%); pb:still_dumping (-10.6%)
2026-08-27 20:26:36,SKIP,E3i7sTY5QYEBh3itepnomZQt7Eh5kzmHFk1vkm2pump,cc,,,,,,SAFE,bo:late_slope (-4.13); pb:not_turning (-4.13),,setup: bo:late_slope (-4.13); pb:not_turning (-4.13)
2026-08-27 20:26:48,SKIP,Ge87EtsjwRQbHaqQmKRno69RFTwh9bfSsm99XNxTpump,Jimothy,,,,,,,,,buy_failed: 429 Client Error: Too Many Requests for url: https://api.jup.ag/price/v3?ids=So11111111111111111111111111111111111111112
2026-08-27 20:29:39,SCREEN,TTWofwAge91oFhZs7kpQdyrVRkmevgM88xijGvQFbKo,TTWO,,,,,,RUG_RISK,,,"RUG_RISK score=92 | hard_fail:mint_authority,freeze_authority,top10_holders | warn:organic_buyers_5m"
2026-08-27 20:29:39,SKIP,TTWofwAge91oFhZs7kpQdyrVRkmevgM88xijGvQFbKo,TTWO,,,,,,RUG_RISK,,,"rug_screen: RUG_RISK score=92 | hard_fail:mint_authority,freeze_authority,top10_holders | warn:organic_buyers_5m"
2026-08-27 20:29:47,SCREEN,7n8kRipxAQBfpGQtcGA2AbkM2HASSVCzqZ5F3QEopump,Zoe,,,,,,SAFE,,,"SAFE score=84 | warn:dev_history,organic_buyers_5m"
2026-08-27 20:29:50,SCREEN,4kjruqGHDsSqkMdFfCjV7Vb62HPFhtXyWc2t6JpQzDnz,GTA6,,,,,,SAFE,,,"SAFE score=84 | warn:dev_history,organic_buyers_5m"
2026-08-27 20:29:52,SCREEN,SKHYhSjuRWHgikq8eRKbtBbpABgJSkd7ytQV14i9EQ3,SKHY,,,,,,RUG_RISK,,,"RUG_RISK score=92 | hard_fail:mint_authority,freeze_authority,top1_holder,top10_holders,sell_route | warn:organic_buyers_5m"
2026-08-27 20:29:52,SKIP,SKHYhSjuRWHgikq8eRKbtBbpABgJSkd7ytQV14i9EQ3,SKHY,,,,,,RUG_RISK,,,"rug_screen: RUG_RISK score=92 | hard_fail:mint_authority,freeze_authority,top1_holder,top10_holders,sell_route | warn:organic_buyers_5m"
2026-08-27 20:30:00,SCREEN,E3i7sTY5QYEBh3itepnomZQt7Eh5kzmHFk1vkm2pump,cc,,,,,,SAFE,,,SAFE score=92 | warn:organic_buyers_5m
2026-08-27 20:30:03,SCREEN,Ge87EtsjwRQbHaqQmKRno69RFTwh9bfSsm99XNxTpump,Jimothy,,,,,,SAFE,,,SAFE score=100
2026-08-27 20:30:09,SCREEN,zj1jpp7QMveWHLs61vL9KMZf254KvW7j4AAmBF8ry2k,BULLSHIT,,,,,,SAFE,,,SAFE score=100
2026-08-27 20:31:09,SCREEN,hgin2YeSuc6JXDwiTKGxZaw1xkDHKicUAHPV3u9pump,PHASEONE,,,,,,SAFE,,,"SAFE score=84 | warn:dev_history,organic_buyers_5m"
2026-08-27 20:32:18,SKIP,7n8kRipxAQBfpGQtcGA2AbkM2HASSVCzqZ5F3QEopump,Zoe,,,,,,SAFE,bo:1h_out_of_band (-22%); pb:1h_out_of_band (-22%); pb:dd_out_of_band (-0.0%),,setup: bo:1h_out_of_band (-22%); pb:1h_out_of_band (-22%); pb:dd_out_of_band (-0.0%)
2026-08-27 20:32:40,SKIP,4kjruqGHDsSqkMdFfCjV7Vb62HPFhtXyWc2t6JpQzDnz,GTA6,,,,,,SAFE,bo:1h_out_of_band (-13%); bo:late_slope (-2.45); pb:1h_out_of_band (-13%),,setup: bo:1h_out_of_band (-13%); bo:late_slope (-2.45); pb:1h_out_of_band (-13%)
2026-08-27 20:32:42,SKIP,E3i7sTY5QYEBh3itepnomZQt7Eh5kzmHFk1vkm2pump,cc,,,,,,,,,buy_failed: 429 Client Error: Too Many Requests for url: https://api.jup.ag/price/v3?ids=So11111111111111111111111111111111111111112
2026-08-27 20:32:48,SKIP,Ge87EtsjwRQbHaqQmKRno69RFTwh9bfSsm99XNxTpump,Jimothy,,,,,,,,,buy_failed: Jupiter could not build a swap: Insufficient funds
2026-08-27 20:32:58,SKIP,zj1jpp7QMveWHLs61vL9KMZf254KvW7j4AAmBF8ry2k,BULLSHIT,,,,,,,,,buy_failed: Jupiter could not build a swap: Insufficient funds
2026-08-27 20:33:42,SKIP,hgin2YeSuc6JXDwiTKGxZaw1xkDHKicUAHPV3u9pump,PHASEONE,,,,,,SAFE,bo:1h_out_of_band (-36%); bo:flow_weak (0/6); pb:1h_out_of_band (-36%),,setup: bo:1h_out_of_band (-36%); bo:flow_weak (0/6); pb:1h_out_of_band (-36%)
2026-08-27 20:35:44,SCREEN,TTWofwAge91oFhZs7kpQdyrVRkmevgM88xijGvQFbKo,TTWO,,,,,,RUG_RISK,,,"RUG_RISK score=92 | hard_fail:mint_authority,freeze_authority,top10_holders | warn:organic_buyers_5m"
2026-08-27 20:35:44,SKIP,TTWofwAge91oFhZs7kpQdyrVRkmevgM88xijGvQFbKo,TTWO,,,,,,RUG_RISK,,,"rug_screen: RUG_RISK score=92 | hard_fail:mint_authority,freeze_authority,top10_holders | warn:organic_buyers_5m"
2026-08-27 20:35:56,SCREEN,7n8kRipxAQBfpGQtcGA2AbkM2HASSVCzqZ5F3QEopump,Zoe,,,,,,SAFE,,,SAFE score=92 | warn:dev_history
2026-08-27 20:35:58,SCREEN,4kjruqGHDsSqkMdFfCjV7Vb62HPFhtXyWc2t6JpQzDnz,GTA6,,,,,,SAFE,,,SAFE score=92 | warn:dev_history
2026-08-27 20:36:00,SCREEN,SKHYhSjuRWHgikq8eRKbtBbpABgJSkd7ytQV14i9EQ3,SKHY,,,,,,RUG_RISK,,,"RUG_RISK score=92 | hard_fail:mint_authority,freeze_authority,top1_holder,top10_holders,sell_route | warn:organic_buyers_5m"
2026-08-27 20:36:00,SKIP,SKHYhSjuRWHgikq8eRKbtBbpABgJSkd7ytQV14i9EQ3,SKHY,,,,,,RUG_RISK,,,"rug_screen: RUG_RISK score=92 | hard_fail:mint_authority,freeze_authority,top1_holder,top10_holders,sell_route | warn:organic_buyers_5m"
2026-08-27 20:36:14,SCREEN,E3i7sTY5QYEBh3itepnomZQt7Eh5kzmHFk1vkm2pump,cc,,,,,,SAFE,,,SAFE score=100
2026-08-27 20:36:19,SCREEN,Ge87EtsjwRQbHaqQmKRno69RFTwh9bfSsm99XNxTpump,Jimothy,,,,,,SAFE,,,SAFE score=100
2026-08-27 20:36:23,SCREEN,zj1jpp7QMveWHLs61vL9KMZf254KvW7j4AAmBF8ry2k,BULLSHIT,,,,,,SAFE,,,SAFE score=100
2026-08-27 20:37:20,SCREEN,hgin2YeSuc6JXDwiTKGxZaw1xkDHKicUAHPV3u9pump,PHASEONE,,,,,,SAFE,,,"SAFE score=84 | warn:dev_history,organic_buyers_5m"
2026-08-27 20:37:37,SCALE,FZqdw6oSDCbHtKYxmhnfbi97SnyVy8jaYpdCoMrrjKa2,Pistacio,breakout,0.0055450904,,,,,,,"tp1 hit (1.27x) — stop->breakeven, trail 24%"
2026-08-27 20:38:39,SKIP,7n8kRipxAQBfpGQtcGA2AbkM2HASSVCzqZ5F3QEopump,Zoe,,,,,,SAFE,bo:1h_out_of_band (-24%); pb:1h_out_of_band (-24%),,setup: bo:1h_out_of_band (-24%); pb:1h_out_of_band (-24%)
2026-08-27 20:38:41,SKIP,4kjruqGHDsSqkMdFfCjV7Vb62HPFhtXyWc2t6JpQzDnz,GTA6,,,,,,SAFE,bo:1h_out_of_band (-16%); bo:late_slope (-9.49); pb:1h_out_of_band (-16%); pb:not_turning (-9.49),,setup: bo:1h_out_of_band (-16%); bo:late_slope (-9.49); pb:1h_out_of_band (-16%); pb:not_turning (-9.49)
2026-08-27 20:38:50,SKIP,E3i7sTY5QYEBh3itepnomZQt7Eh5kzmHFk1vkm2pump,cc,,,,,,,,,buy_failed: Jupiter could not build a swap: Insufficient funds
2026-08-27 20:38:51,SKIP,Ge87EtsjwRQbHaqQmKRno69RFTwh9bfSsm99XNxTpump,Jimothy,,,,,,,,,buy_failed: Jupiter could not build a swap: Insufficient funds
2026-08-27 20:38:53,SKIP,zj1jpp7QMveWHLs61vL9KMZf254KvW7j4AAmBF8ry2k,BULLSHIT,,,,,,,,,"buy_failed: Jupiter could not build a swap: {'code': 429, 'message': '[API Gateway] Too many requests'}"
2026-08-27 20:39:55,SKIP,hgin2YeSuc6JXDwiTKGxZaw1xkDHKicUAHPV3u9pump,PHASEONE,,,,,,SAFE,bo:1h_out_of_band (-16%); pb:1h_out_of_band (-16%); pb:dd_out_of_band (-0.0%),,setup: bo:1h_out_of_band (-16%); pb:1h_out_of_band (-16%); pb:dd_out_of_band (-0.0%)
2026-08-27 20:41:47,SCREEN,TTWofwAge91oFhZs7kpQdyrVRkmevgM88xijGvQFbKo,TTWO,,,,,,RUG_RISK,,,"RUG_RISK score=92 | hard_fail:mint_authority,freeze_authority,top10_holders | warn:organic_buyers_5m"
2026-08-27 20:41:47,SKIP,TTWofwAge91oFhZs7kpQdyrVRkmevgM88xijGvQFbKo,TTWO,,,,,,RUG_RISK,,,"rug_screen: RUG_RISK score=92 | hard_fail:mint_authority,freeze_authority,top10_holders | warn:organic_buyers_5m"
2026-08-27 20:41:57,SCREEN,7n8kRipxAQBfpGQtcGA2AbkM2HASSVCzqZ5F3QEopump,Zoe,,,,,,SAFE,,,SAFE score=92 | warn:dev_history
2026-08-27 20:41:59,SCREEN,4kjruqGHDsSqkMdFfCjV7Vb62HPFhtXyWc2t6JpQzDnz,GTA6,,,,,,SAFE,,,SAFE score=92 | warn:dev_history
2026-08-27 20:42:02,SCREEN,SKHYhSjuRWHgikq8eRKbtBbpABgJSkd7ytQV14i9EQ3,SKHY,,,,,,RUG_RISK,,,"RUG_RISK score=92 | hard_fail:mint_authority,freeze_authority,top1_holder,top10_holders,sell_route | warn:organic_buyers_5m"
2026-08-27 20:42:02,SKIP,SKHYhSjuRWHgikq8eRKbtBbpABgJSkd7ytQV14i9EQ3,SKHY,,,,,,RUG_RISK,,,"rug_screen: RUG_RISK score=92 | hard_fail:mint_authority,freeze_authority,top1_holder,top10_holders,sell_route | warn:organic_buyers_5m"
2026-08-27 20:42:08,SCREEN,E3i7sTY5QYEBh3itepnomZQt7Eh5kzmHFk1vkm2pump,cc,,,,,,SAFE,,,SAFE score=100
2026-08-27 20:42:11,SCREEN,Ge87EtsjwRQbHaqQmKRno69RFTwh9bfSsm99XNxTpump,Jimothy,,,,,,SAFE,,,SAFE score=100
2026-08-27 20:42:18,SCREEN,zj1jpp7QMveWHLs61vL9KMZf254KvW7j4AAmBF8ry2k,BULLSHIT,,,,,,SAFE,,,SAFE score=100
2026-08-27 20:44:54,SKIP,7n8kRipxAQBfpGQtcGA2AbkM2HASSVCzqZ5F3QEopump,Zoe,,,,,,SAFE,bo:1h_out_of_band (-32%); bo:flow_weak (57/94); pb:1h_out_of_band (-32%),,setup: bo:1h_out_of_band (-32%); bo:flow_weak (57/94); pb:1h_out_of_band (-32%)
2026-08-27 20:44:57,SKIP,4kjruqGHDsSqkMdFfCjV7Vb62HPFhtXyWc2t6JpQzDnz,GTA6,,,,,,SAFE,bo:1h_out_of_band (-11%); pb:1h_out_of_band (-11%); pb:dd_out_of_band (0.1%),,setup: bo:1h_out_of_band (-11%); pb:1h_out_of_band (-11%); pb:dd_out_of_band (0.1%)
2026-08-27 20:45:01,SKIP,E3i7sTY5QYEBh3itepnomZQt7Eh5kzmHFk1vkm2pump,cc,,,,,,,,,buy_failed: 429 Client Error: Too Many Requests for url: https://api.jup.ag/price/v3?ids=So11111111111111111111111111111111111111112
2026-08-27 20:45:03,SKIP,Ge87EtsjwRQbHaqQmKRno69RFTwh9bfSsm99XNxTpump,Jimothy,,,,,,,,,buy_failed: 429 Client Error: Too Many Requests for url: https://api.jup.ag/price/v3?ids=So11111111111111111111111111111111111111112
2026-08-27 20:45:04,SKIP,zj1jpp7QMveWHLs61vL9KMZf254KvW7j4AAmBF8ry2k,BULLSHIT,,,,,,,,,buy_failed: 429 Client Error: Too Many Requests for url: https://api.jup.ag/price/v3?ids=So11111111111111111111111111111111111111112
2026-08-27 20:45:17,ERROR,FZqdw6oSDCbHtKYxmhnfbi97SnyVy8jaYpdCoMrrjKa2,Pistacio,,,,,,,,,sell_failed: 429 Client Error: Too Many Requests for url: https://api.jup.ag/price/v3?ids=So11111111111111111111111111111111111111112
2026-08-27 20:45:28,ERROR,FZqdw6oSDCbHtKYxmhnfbi97SnyVy8jaYpdCoMrrjKa2,Pistacio,,,,,,,,,"sell_failed: Jupiter could not build a swap: {'code': 429, 'message': '[API Gateway] Too many requests'}"
2026-08-27 20:45:35,SELL,FZqdw6oSDCbHtKYxmhnfbi97SnyVy8jaYpdCoMrrjKa2,Pistacio,breakout,0.0054327552,6.16,0.0011,1.2106,,,rug_score=92;liq_usd=508835;mcap_usd=4.25294e+06;vol24_usd=1.06341e+07;holders=18876;top1_pct=12.72;organic_score=92.03;chg5m_pct=-0.87;chg1h_pct=8.87;chg24h_pct=-10.29;organic_buyers_5m=8;buys_5m=74;sells_5m=88;dev_mints=3888;setup_breakout=1;setup_pullback=0;mv_return_pct=-1.651;mv_drawdown_pct=-1.756;mv_slope=-0.6095;mv_late_slope=-0.8327;mv_vol_pct=0.398;mv_below_high_pct=-1.756;mv_above_low_pct=0;mv_holder_growth=-2.143;mv_liq_trend_pct=-0.422,rug_tripwire_liq (-35% vs entry)
2026-08-27 20:47:24,SCREEN,GUmbtfjSZkybSFgPibBcvwExEBdXwewJHR5PkTjzpump,Morty,,,,,,SAFE,,,SAFE score=100
2026-08-27 20:47:50,SCREEN,TTWofwAge91oFhZs7kpQdyrVRkmevgM88xijGvQFbKo,TTWO,,,,,,RUG_RISK,,,"RUG_RISK score=92 | hard_fail:mint_authority,freeze_authority,top10_holders,sell_route | warn:organic_buyers_5m"
2026-08-27 20:47:50,SKIP,TTWofwAge91oFhZs7kpQdyrVRkmevgM88xijGvQFbKo,TTWO,,,,,,RUG_RISK,,,"rug_screen: RUG_RISK score=92 | hard_fail:mint_authority,freeze_authority,top10_holders,sell_route | warn:organic_buyers_5m"
2026-08-27 20:47:57,SCREEN,7n8kRipxAQBfpGQtcGA2AbkM2HASSVCzqZ5F3QEopump,Zoe,,,,,,SAFE,,,"SAFE score=82 | warn:dev_history,price_5m"
2026-08-27 20:47:59,SCREEN,4kjruqGHDsSqkMdFfCjV7Vb62HPFhtXyWc2t6JpQzDnz,GTA6,,,,,,SAFE,,,SAFE score=92 | warn:dev_history
2026-08-27 20:48:01,SCREEN,SKHYhSjuRWHgikq8eRKbtBbpABgJSkd7ytQV14i9EQ3,SKHY,,,,,,RUG_RISK,,,"RUG_RISK score=92 | hard_fail:mint_authority,freeze_authority,top1_holder,top10_holders,sell_route | warn:organic_buyers_5m"
2026-08-27 20:48:01,SKIP,SKHYhSjuRWHgikq8eRKbtBbpABgJSkd7ytQV14i9EQ3,SKHY,,,,,,RUG_RISK,,,"rug_screen: RUG_RISK score=92 | hard_fail:mint_authority,freeze_authority,top1_holder,top10_holders,sell_route | warn:organic_buyers_5m"
2026-08-27 20:48:09,SCREEN,E3i7sTY5QYEBh3itepnomZQt7Eh5kzmHFk1vkm2pump,cc,,,,,,SAFE,,,SAFE score=92 | warn:organic_buyers_5m
2026-08-27 20:48:13,SCREEN,Ge87EtsjwRQbHaqQmKRno69RFTwh9bfSsm99XNxTpump,Jimothy,,,,,,SAFE,,,SAFE score=100
2026-08-27 20:48:15,SCREEN,zj1jpp7QMveWHLs61vL9KMZf254KvW7j4AAmBF8ry2k,BULLSHIT,,,,,,SAFE,,,SAFE score=100
2026-08-27 20:50:00,BUY,GUmbtfjSZkybSFgPibBcvwExEBdXwewJHR5PkTjzpump,Morty,breakout,0.0014673347,5.00,0.0011,,SAFE,"breakout: 0.0% off high, 1h +7%, flow 29/28, late slope 6.57",rug_score=100;liq_usd=162963;mcap_usd=1.35337e+06;vol24_usd=2.2858e+06;holders=6793;top1_pct=17.36;organic_score=75;chg5m_pct=3.74;chg1h_pct=7.41;chg24h_pct=-19.37;organic_buyers_5m=3;buys_5m=29;sells_5m=28;dev_mints=110;setup_breakout=1;setup_pullback=0;mv_return_pct=2.834;mv_drawdown_pct=0;mv_slope=0.8247;mv_late_slope=6.565;mv_vol_pct=1.006;mv_below_high_pct=0;mv_above_low_pct=3.709;mv_holder_growth=3.122;mv_liq_trend_pct=2.968,breakout | stop 0.0012912545 | SAFE score=100
2026-08-27 20:50:31,SKIP,7n8kRipxAQBfpGQtcGA2AbkM2HASSVCzqZ5F3QEopump,Zoe,,,,,,SAFE,bo:1h_out_of_band (-38%); bo:5m_negative (-12.4%); pb:1h_out_of_band (-38%); pb:still_dumping (-12.4%),,setup: bo:1h_out_of_band (-38%); bo:5m_negative (-12.4%); pb:1h_out_of_band (-38%); pb:still_dumping (-12.4%)
2026-08-27 20:50:34,SKIP,4kjruqGHDsSqkMdFfCjV7Vb62HPFhtXyWc2t6JpQzDnz,GTA6,,,,,,SAFE,bo:1h_out_of_band (-11%); pb:1h_out_of_band (-11%); pb:dd_out_of_band (-0.0%),,setup: bo:1h_out_of_band (-11%); pb:1h_out_of_band (-11%); pb:dd_out_of_band (-0.0%)
2026-08-27 20:50:49,SKIP,E3i7sTY5QYEBh3itepnomZQt7Eh5kzmHFk1vkm2pump,cc,,,,,,,,,buy_failed: 429 Client Error: Too Many Requests for url: https://api.jup.ag/price/v3?ids=So11111111111111111111111111111111111111112
2026-08-27 20:51:00,SKIP,Ge87EtsjwRQbHaqQmKRno69RFTwh9bfSsm99XNxTpump,Jimothy,,,,,,,,,buy_failed: Jupiter could not build a swap: Insufficient funds
2026-08-27 20:51:06,SKIP,zj1jpp7QMveWHLs61vL9KMZf254KvW7j4AAmBF8ry2k,BULLSHIT,,,,,,,,,buy_failed: 429 Client Error: Too Many Requests for url: https://api.jup.ag/price/v3?ids=So11111111111111111111111111111111111111112
2026-08-27 20:53:49,SCREEN,TTWofwAge91oFhZs7kpQdyrVRkmevgM88xijGvQFbKo,TTWO,,,,,,RUG_RISK,,,"RUG_RISK score=92 | hard_fail:mint_authority,freeze_authority,top10_holders | warn:organic_buyers_5m"
2026-08-27 20:53:49,SKIP,TTWofwAge91oFhZs7kpQdyrVRkmevgM88xijGvQFbKo,TTWO,,,,,,RUG_RISK,,,"rug_screen: RUG_RISK score=92 | hard_fail:mint_authority,freeze_authority,top10_holders | warn:organic_buyers_5m"
2026-08-27 20:53:58,SCREEN,7n8kRipxAQBfpGQtcGA2AbkM2HASSVCzqZ5F3QEopump,Zoe,,,,,,SAFE,,,SAFE score=92 | warn:dev_history
2026-08-27 20:54:01,SCREEN,4kjruqGHDsSqkMdFfCjV7Vb62HPFhtXyWc2t6JpQzDnz,GTA6,,,,,,SAFE,,,SAFE score=92 | warn:dev_history
2026-08-27 20:54:04,SCREEN,SKHYhSjuRWHgikq8eRKbtBbpABgJSkd7ytQV14i9EQ3,SKHY,,,,,,RUG_RISK,,,"RUG_RISK score=92 | hard_fail:mint_authority,freeze_authority,top1_holder,top10_holders | warn:organic_buyers_5m"
2026-08-27 20:54:04,SKIP,SKHYhSjuRWHgikq8eRKbtBbpABgJSkd7ytQV14i9EQ3,SKHY,,,,,,RUG_RISK,,,"rug_screen: RUG_RISK score=92 | hard_fail:mint_authority,freeze_authority,top1_holder,top10_holders | warn:organic_buyers_5m"
2026-08-27 20:54:11,SCREEN,E3i7sTY5QYEBh3itepnomZQt7Eh5kzmHFk1vkm2pump,cc,,,,,,SAFE,,,SAFE score=92 | warn:organic_buyers_5m
2026-08-27 20:54:15,SCREEN,Ge87EtsjwRQbHaqQmKRno69RFTwh9bfSsm99XNxTpump,Jimothy,,,,,,SAFE,,,SAFE score=100
2026-08-27 20:54:17,SCREEN,zj1jpp7QMveWHLs61vL9KMZf254KvW7j4AAmBF8ry2k,BULLSHIT,,,,,,RUG_RISK,,,RUG_RISK score=100 | hard_fail:sell_route
2026-08-27 20:54:17,SKIP,zj1jpp7QMveWHLs61vL9KMZf254KvW7j4AAmBF8ry2k,BULLSHIT,,,,,,RUG_RISK,,,rug_screen: RUG_RISK score=100 | hard_fail:sell_route
2026-08-27 20:54:24,SCREEN,EhCzWhMyUAo87bQ663fV2A6reLhXgdhdcf9ynJV8pump,POKEMON,,,,,,SAFE,,,SAFE score=100
2026-08-27 20:56:50,SKIP,7n8kRipxAQBfpGQtcGA2AbkM2HASSVCzqZ5F3QEopump,Zoe,,,,,,SAFE,bo:1h_out_of_band (-28%); bo:flow_weak (49/104); bo:late_slope (-7.54); pb:1h_out_of_band (-28%),,setup: bo:1h_out_of_band (-28%); bo:flow_weak (49/104); bo:late_slope (-7.54); pb:1h_out_of_band (-28%)
2026-08-27 20:56:52,SKIP,4kjruqGHDsSqkMdFfCjV7Vb62HPFhtXyWc2t6JpQzDnz,GTA6,,,,,,SAFE,bo:1h_out_of_band (-9%); pb:1h_out_of_band (-9%); pb:dd_out_of_band (-0.0%),,setup: bo:1h_out_of_band (-9%); pb:1h_out_of_band (-9%); pb:dd_out_of_band (-0.0%)
2026-08-27 20:56:53,SKIP,E3i7sTY5QYEBh3itepnomZQt7Eh5kzmHFk1vkm2pump,cc,,,,,,,,,buy_failed: 429 Client Error: Too Many Requests for url: https://api.jup.ag/price/v3?ids=So11111111111111111111111111111111111111112
2026-08-27 20:57:04,SKIP,Ge87EtsjwRQbHaqQmKRno69RFTwh9bfSsm99XNxTpump,Jimothy,,,,,,,,,buy_failed: Jupiter could not build a swap: Insufficient funds
2026-08-27 20:57:06,SKIP,EhCzWhMyUAo87bQ663fV2A6reLhXgdhdcf9ynJV8pump,POKEMON,,,,,,SAFE,bo:window_flat (-10.9%); bo:5m_negative (-18.1%); bo:late_slope (-16.67); pb:still_dumping (-18.1%),,setup: bo:window_flat (-10.9%); bo:5m_negative (-18.1%); bo:late_slope (-16.67); pb:still_dumping (-18.1%)
2026-08-27 21:00:08,SCREEN,TTWofwAge91oFhZs7kpQdyrVRkmevgM88xijGvQFbKo,TTWO,,,,,,RUG_RISK,,,"RUG_RISK score=92 | hard_fail:mint_authority,freeze_authority,top10_holders | warn:organic_buyers_5m"
2026-08-27 21:00:08,SKIP,TTWofwAge91oFhZs7kpQdyrVRkmevgM88xijGvQFbKo,TTWO,,,,,,RUG_RISK,,,"rug_screen: RUG_RISK score=92 | hard_fail:mint_authority,freeze_authority,top10_holders | warn:organic_buyers_5m"
2026-08-27 21:00:14,SCREEN,7n8kRipxAQBfpGQtcGA2AbkM2HASSVCzqZ5F3QEopump,Zoe,,,,,,SAFE,,,SAFE score=92 | warn:dev_history
2026-08-27 21:00:16,SCREEN,4kjruqGHDsSqkMdFfCjV7Vb62HPFhtXyWc2t6JpQzDnz,GTA6,,,,,,RUG_RISK,,,RUG_RISK score=92 | hard_fail:sell_route | warn:dev_history
2026-08-27 21:00:16,SKIP,4kjruqGHDsSqkMdFfCjV7Vb62HPFhtXyWc2t6JpQzDnz,GTA6,,,,,,RUG_RISK,,,rug_screen: RUG_RISK score=92 | hard_fail:sell_route | warn:dev_history
2026-08-27 21:00:21,SCREEN,SKHYhSjuRWHgikq8eRKbtBbpABgJSkd7ytQV14i9EQ3,SKHY,,,,,,RUG_RISK,,,"RUG_RISK score=92 | hard_fail:mint_authority,freeze_authority,top1_holder,top10_holders | warn:organic_buyers_5m"
2026-08-27 21:00:21,SKIP,SKHYhSjuRWHgikq8eRKbtBbpABgJSkd7ytQV14i9EQ3,SKHY,,,,,,RUG_RISK,,,"rug_screen: RUG_RISK score=92 | hard_fail:mint_authority,freeze_authority,top1_holder,top10_holders | warn:organic_buyers_5m"
2026-08-27 21:00:28,SCREEN,E3i7sTY5QYEBh3itepnomZQt7Eh5kzmHFk1vkm2pump,cc,,,,,,SAFE,,,SAFE score=92 | warn:organic_buyers_5m
2026-08-27 21:00:32,SCREEN,Ge87EtsjwRQbHaqQmKRno69RFTwh9bfSsm99XNxTpump,Jimothy,,,,,,SAFE,,,SAFE score=100
2026-08-27 21:00:34,SCREEN,zj1jpp7QMveWHLs61vL9KMZf254KvW7j4AAmBF8ry2k,BULLSHIT,,,,,,RUG_RISK,,,RUG_RISK score=100 | hard_fail:sell_route
2026-08-27 21:00:34,SKIP,zj1jpp7QMveWHLs61vL9KMZf254KvW7j4AAmBF8ry2k,BULLSHIT,,,,,,RUG_RISK,,,rug_screen: RUG_RISK score=100 | hard_fail:sell_route
2026-08-27 21:02:47,SKIP,7n8kRipxAQBfpGQtcGA2AbkM2HASSVCzqZ5F3QEopump,Zoe,,,,,,SAFE,bo:1h_out_of_band (-24%); bo:flow_weak (86/134); pb:1h_out_of_band (-24%),,setup: bo:1h_out_of_band (-24%); bo:flow_weak (86/134); pb:1h_out_of_band (-24%)
2026-08-27 21:03:04,SKIP,E3i7sTY5QYEBh3itepnomZQt7Eh5kzmHFk1vkm2pump,cc,,,,,,SAFE,bo:flow_weak (8/13); pb:dd_out_of_band (-0.0%),,setup: bo:flow_weak (8/13); pb:dd_out_of_band (-0.0%)
2026-08-27 21:03:07,SKIP,Ge87EtsjwRQbHaqQmKRno69RFTwh9bfSsm99XNxTpump,Jimothy,,,,,,,,,buy_failed: 429 Client Error: Too Many Requests for url: https://api.jup.ag/price/v3?ids=So11111111111111111111111111111111111111112
2026-08-27 21:06:10,SCREEN,TTWofwAge91oFhZs7kpQdyrVRkmevgM88xijGvQFbKo,TTWO,,,,,,RUG_RISK,,,"RUG_RISK score=92 | hard_fail:mint_authority,freeze_authority,top10_holders | warn:organic_buyers_5m"
2026-08-27 21:06:10,SKIP,TTWofwAge91oFhZs7kpQdyrVRkmevgM88xijGvQFbKo,TTWO,,,,,,RUG_RISK,,,"rug_screen: RUG_RISK score=92 | hard_fail:mint_authority,freeze_authority,top10_holders | warn:organic_buyers_5m"
2026-08-27 21:06:17,SCREEN,7n8kRipxAQBfpGQtcGA2AbkM2HASSVCzqZ5F3QEopump,Zoe,,,,,,SAFE,,,SAFE score=92 | warn:dev_history
2026-08-27 21:06:19,SCREEN,4kjruqGHDsSqkMdFfCjV7Vb62HPFhtXyWc2t6JpQzDnz,GTA6,,,,,,SAFE,,,SAFE score=92 | warn:dev_history
2026-08-27 21:06:23,SCREEN,SKHYhSjuRWHgikq8eRKbtBbpABgJSkd7ytQV14i9EQ3,SKHY,,,,,,RUG_RISK,,,"RUG_RISK score=92 | hard_fail:mint_authority,freeze_authority,top1_holder,top10_holders,sell_route | warn:organic_buyers_5m"
2026-08-27 21:06:23,SKIP,SKHYhSjuRWHgikq8eRKbtBbpABgJSkd7ytQV14i9EQ3,SKHY,,,,,,RUG_RISK,,,"rug_screen: RUG_RISK score=92 | hard_fail:mint_authority,freeze_authority,top1_holder,top10_holders,sell_route | warn:organic_buyers_5m"
2026-08-27 21:06:26,SCREEN,E3i7sTY5QYEBh3itepnomZQt7Eh5kzmHFk1vkm2pump,cc,,,,,,RUG_RISK,,,RUG_RISK score=92 | hard_fail:sell_route | warn:organic_buyers_5m
2026-08-27 21:06:26,SKIP,E3i7sTY5QYEBh3itepnomZQt7Eh5kzmHFk1vkm2pump,cc,,,,,,RUG_RISK,,,rug_screen: RUG_RISK score=92 | hard_fail:sell_route | warn:organic_buyers_5m
2026-08-27 21:06:30,SCREEN,Ge87EtsjwRQbHaqQmKRno69RFTwh9bfSsm99XNxTpump,Jimothy,,,,,,RUG_RISK,,,RUG_RISK score=100 | hard_fail:sell_route
2026-08-27 21:06:30,SKIP,Ge87EtsjwRQbHaqQmKRno69RFTwh9bfSsm99XNxTpump,Jimothy,,,,,,RUG_RISK,,,rug_screen: RUG_RISK score=100 | hard_fail:sell_route
2026-08-27 21:06:36,SCREEN,zj1jpp7QMveWHLs61vL9KMZf254KvW7j4AAmBF8ry2k,BULLSHIT,,,,,,RUG_RISK,,,RUG_RISK score=100 | hard_fail:sell_route
2026-08-27 21:06:36,SKIP,zj1jpp7QMveWHLs61vL9KMZf254KvW7j4AAmBF8ry2k,BULLSHIT,,,,,,RUG_RISK,,,rug_screen: RUG_RISK score=100 | hard_fail:sell_route
