id,date,phase,cluster,strategy,hypothesis,data,test_period,oos_period,oos_cagr,oos_sharpe,max_dd,costs,n_configs,status,file,notes
L01,2026-08-27,legacy,solana-short-horizon,scalper,Short-horizon scalping of new Solana tokens,Solana DEX dry-run logs,2026-08,train/test split,,,,DEX fees + slippage,1,FAIL,bot.py (deleted),+$1.02/trade in-sample -> -$0.12 out-of-sample
L02,2026-08-27,legacy,solana-short-horizon,adaptive re-fit,"Re-fit filters every 15 trades (""learn from mistakes"")",Solana dry-run logs,2026-08,walk-forward,,,,DEX fees,1,FAIL,adaptive_backtest.py,"degraded over time: 1st half -$14, 2nd half -$152"
L03,2026-08-27,legacy,solana-short-horizon,dip-buying,Buy tokens already down at entry,Solana dry-run logs,2026-08,chunked,,,,DEX fees,1,FAIL,backrun_diponly.py,+171% in-sample was dead-token artifact; 2/6 chunks profitable
L04,2026-08-27,legacy,solana-short-horizon,meme breakout,Breakout on new meme pools,GeckoTerminal 5m OHLCV (survivor pools),2026-08,60/40 split,,,,DEX fees,1,FAIL,newcoin_backtest.py (deleted),in +40%/trade PF9 -> out +0.2%/trade PF1.02; n=111
L05,2026-08-27,legacy,solana-short-horizon,meme pullback,Pullback entry on new meme pools,GeckoTerminal 5m OHLCV,2026-08,60/40 split,,,,DEX fees,1,FAIL,newcoin_backtest.py (deleted),-5%/trade both halves
L06,2026-08-27,legacy,solana-short-horizon,tight take-profit,Sell as soon as green,Solana dry-run logs,2026-08,,,,,DEX fees,1,FAIL,tight_tp_test.py; snipe_test.py,every target loses; <6% can't clear round-trip cost
L07,2026-08-27,legacy,copy-trading,insider copy-trade,Copy watchlist wallets,Helius RPC,2026-08,live dry-run 2h45m,,,,,1,INCONCLUSIVE,insider_bot.py (deleted),0 of 132 buys copied (latency wall); no history depth
L08,2026-08-27,legacy,copy-trading,celebrity-tweet sniping,Buy on celebrity token tweets,none (X firehose ~$42k/mo),,,,,,,1,UNTESTABLE,,$TRUMP case study -68% two weeks after listing
L09,2026-08-27,legacy,crypto-trend,20-day momentum (single asset),Hold when close > close 20d ago,Coinbase daily BTC/ETH/SOL,5-11y,,,,,0.3%/side,1,WEAK,classic_strats.py; momentum_bot.py,matched/beat B&H with lower DD; param sweep non-monotonic
L10,2026-08-27,legacy,crypto-trend,momentum basket BTC/ETH/SOL,Inverse-vol weighted 20d momentum,Coinbase daily,~1.6y,,+15%,,-39%,fees modeled,1,WEAK,momentum_basket.py,only 1.6y of data; deadband sweep = overfit fingerprint
L11,2026-08-27,legacy,accumulation,DCA,Dollar-cost averaging (not a trading strategy),Coinbase daily SOL,5y,,,,,fees,1,N/A,dca_backtest.py,+109% over 5y; negative on every window starting in the last 2.5y
L12,2026-09-08,legacy,daily-bar-TA,10 candlestick patterns,Published candlestick setups,Coinbase daily 23 pairs + hourly retest,up to 11y,65/35 split,,,,0.3%/side + 0.05% slip,10,FAIL,candle_strats_backtest.py,8/10 negative both halves; daily positives died on hourly retest
L13,2026-09-08,legacy,daily-bar-TA,23 systematic strategies,Turtle/MA/MACD/Ichimoku/Keltner/Bollinger/Connors etc.,Coinbase daily 23 pairs,up to 11y,65/35 split,,,,0.3%/side + 0.05% slip,23,FAIL,more_strats_backtest.py,trend OOS 0.00-0.10x; best mean-reversion positive on 12/23 symbols only
L14,2026-09-08,legacy,daily-bar-TA,Connors RSI walk-forward (crypto),Anchored WF re-fit of CRSI thresholds,Coinbase daily 23 pairs,up to 11y,126-bar WF blocks,-25% median,,-44% median,0.3%/side,1,FAIL,crsi_walkforward.py,positive on 6/23 symbols
L15,2026-09-08,legacy,cross-sectional-crypto,cross-sectional crypto (15 configs),Relative momentum / reversal / regime-filtered,Coinbase daily 23 coins,up to 11y,65/35 split,-4% to -37%,,-86% to -99%,0.3%/side,15,FAIL,xsectional_backtest.py,every config below EW basket in both halves
L16,2026-09-08,legacy,daily-bar-TA,6 classics on US ETFs/stocks,RSI2 / Donchian / SMA50-200 / abs momentum / Bollinger,Yahoo daily 12 instruments 15y,15y,65/35 split,,,,0.05%/side,6,FAIL,classic_on_stocks.py,"pooled ""6.07x"" was a pooling artifact"
L17,2026-09-08,legacy,daily-bar-TA,Connors RSI2 per-instrument WF (US ETFs),One account per ETF anchored WF,Yahoo daily 19 ETFs,15y+,126d WF blocks,+1.1% median,,-15% median,0.05%/side,1,FAIL,connors_rsi2_walkforward.py,vs buy & hold +10.1% median CAGR; beats B&H on 2/19
L18,2026-09-10,legacy,trend-following,diversified TSMOM,Moskowitz-Ooi-Pedersen 21/63/252 vol-targeted,Yahoo 19 ETFs + 16 futures,2004-2026,post-pub 2012+,,0.26,-24%,5bp/side,1,FAIL,research/run_study.py,SR 0.30 vs SPY 0.55; DSR 0.035; WTMF live excess SR 0.00
L19,2026-09-10,legacy,relative-value,pairs trading (distance method),Gatev-Goetzmann-Rouwenhorst,Yahoo 106 US large caps (survivors),1993-2026,rolling formation/trade,+2.1%,0.38,-14%,5bp/leg + 0.3%/yr borrow,1,FAIL,research/run_pairs.py,SR -0.18 in 2010-17; DSR 0.87; dead since ~2010
L20,2026-09-10,legacy,equity-anomalies-survivors,6 equity anomalies (survivor universe),mom_12_1 / mom_6_1 / strev_21 / strev_5 / lowvol / beta_low,Yahoo 106 US large caps (survivors),1993-2026,eras,,0.25 best L/S,,5bp/side,6,FAIL,research/run_anomalies.py,0/6 long-only beat the equal-weight no-signal control
L21,2026-09-10,legacy,carry,CME BTC basis carry,Long spot / short dated future to expiry,Yahoo BTC=F vs BTC-USD,2017-2026,106 monthly cycles,-1.5%/yr net,,,0.10%/cycle institutional,1,FAIL,research/run_carry.py,vs T-bills +3.8%/yr; beat cash in 40/106 cycles
P1-H01,2026-09-11,phase1,VRP,CBOE PutWrite index (^PUT),Systematic at-the-money put-writing earns the volatility risk premium,"Yahoo ^PUT 1996->, ^IRX",1996-08-05..2026-09-10,2008-01-02..2026-09-10,+5.1% ex-cash,0.37,-38%,0.50%/yr drag (2x: 1.00%),1,FAIL,research/run_phase1.py,"failed G2,G3"
P1-H02,2026-09-11,phase1,VRP,SVXY buy & hold (short VIX futures),Shorting VIX futures earns the roll-down / variance risk premium,"Yahoo SVXY 2011->, ^IRX",2011-10-05..2026-09-10,2011-10-05..2026-09-10,+10.8% ex-cash,0.54,-95%,5bp entry (2x: 10bp),1,FAIL,research/run_phase1.py,"failed G2,G3,G9"
P1-H03,2026-09-11,phase1,VRP,SVXY only when VIX < VIX3M,"Short vol pays in contango and loses in backwardation, so timing it on the VIX term structure keeps the premium and sidesteps the blow-ups","Yahoo SVXY, ^VIX, ^VIX3M, ^VIX9D 2011->",2011-10-05..2026-09-10,2015-01-02..2026-09-10,+21.0% ex-cash,0.68,-55%,5bp/side (2x: 10bp),5,FAIL,research/run_phase1.py,"failed G2,G3"
P1-H04,2026-09-11,phase1,FOMC,Pre-FOMC drift (SPY close[d-1] -> close[d]),US equities earn an abnormal return in the 24h before scheduled FOMC statements (uncertainty-resolution premium),"federalreserve.gov calendars 1994->, Yahoo SPY/QQQ/IWM, ^IRX",1994-01-03..2026-09-10,2012-01-03..2026-09-10,+0.6% ex-cash,0.22,-9%,1bp/side SPY (2x: 2bp),6,FAIL,research/run_phase1.py,"failed G1,G2,G3,G7"
P1-H05,2026-09-11,phase1,OVERNIGHT,Overnight-only SPY (close -> next open),The equity premium accrues overnight; holding only close-to-open keeps it with half the time in the market,"Yahoo SPY/QQQ/DIA/IWM/sector SPDR OHLC 1993->, ^IRX; NSPY/NIWM live",1993-02-01..2026-09-10,2009-01-02..2026-09-10,+1.9% ex-cash,0.23,-30%,"1bp/side SPY, 2 sides/day (2x: 2bp)",13,FAIL,research/run_phase1.py,"failed G1,G2,G3,G4,G6"
P1-H06,2026-09-11,phase1,TOM,Turn of the month (SPY days -1..+3),Equity returns concentrate in the last trading day and first three of each month (payroll and pension inflows),"Yahoo SPY/QQQ/IWM/DIA 1993->, ^IRX; French CRSP market 1926-> (reported)",1993-02-01..2026-09-10,1993-02-01..2026-09-10,+2.8% ex-cash,0.39,-19%,1bp/side SPY (2x: 2bp),9,FAIL,research/run_phase1.py,"failed G2,G3"
P1-H07,2026-09-11,phase1,VOLMGD,Volatility-managed SPY (cap 1.0),"Cutting equity exposure when last month's realised variance is high raises the Sharpe ratio, because expected returns do not rise with volatility","Yahoo SPY 1993->, ^IRX; French CRSP market 1926-> (reported)",1993-02-01..2026-09-10,2017-01-03..2026-09-10,+10.1% ex-cash,0.74,-25%,1bp/side on |dw| (2x: 2bp),5,FAIL,research/run_phase1.py,"failed G2,G3,G7"
P1-H08-SMB,2026-09-11,phase1,SMB,L/S size (small minus big),The size (small minus big) premium survives publication and trading costs,"Ken French library, CRSP (SMB)",1926-07..2026-07,1982-01..2026-07,-1.4% ex-cash,-0.08,-61%,1.0%/yr drag (2x: 2.0%),3,FAIL,research/run_phase1.py,"failed G1,G2,G3,G4,G5,G6,G8"
P1-H08-HML,2026-09-11,phase1,HML,L/S value (high minus low book-to-market),The value (high minus low book-to-market) premium survives publication and trading costs,"Ken French library, CRSP (HML)",1926-07..2026-07,1986-01..2026-07,+0.6% ex-cash,0.11,-63%,1.0%/yr drag (2x: 2.0%),3,FAIL,research/run_phase1.py,"failed G1,G2,G3,G8"
P1-H08-UMD,2026-09-11,phase1,UMD,L/S momentum (12-2),The momentum (12-2) premium survives publication and trading costs,"Ken French library, CRSP (Mom)",1927-01..2026-07,1994-01..2026-07,+0.0% ex-cash,0.09,-67%,3.0%/yr drag (2x: 6.0%),3,FAIL,research/run_phase1.py,"failed G1,G2,G3,G4,G5,G8"
P1-H08-STR,2026-09-11,phase1,STR,L/S short-term reversal (1-0),The short-term reversal (1-0) premium survives publication and trading costs,"Ken French library, CRSP (ST_Rev)",1926-02..2026-07,1991-01..2026-07,-6.6% ex-cash,-0.49,-92%,8.0%/yr drag (2x: 16.0%),3,FAIL,research/run_phase1.py,"failed G1,G2,G3,G4,G5,G6,G8"
P1-H08-LTR,2026-09-11,phase1,LTR,L/S long-term reversal (60-13),The long-term reversal (60-13) premium survives publication and trading costs,"Ken French library, CRSP (LT_Rev)",1931-01..2026-07,1986-01..2026-07,-0.4% ex-cash,0.00,-64%,1.5%/yr drag (2x: 3.0%),3,FAIL,research/run_phase1.py,"failed G1,G2,G3,G4,G6,G8"
P1-H08-RMW,2026-09-11,phase1,RMW,L/S profitability (robust minus weak),The profitability (robust minus weak) premium survives publication and trading costs,"Ken French library, CRSP (RMW)",1963-07..2026-07,2014-01..2026-07,+1.2% ex-cash,0.19,-28%,1.0%/yr drag (2x: 2.0%),3,FAIL,research/run_phase1.py,"failed G1,G2,G3,G8"
P1-H08-CMA,2026-09-11,phase1,CMA,L/S investment (conservative minus aggressive),The investment (conservative minus aggressive) premium survives publication and trading costs,"Ken French library, CRSP (CMA)",1963-07..2026-07,2005-01..2026-07,-1.0% ex-cash,-0.11,-31%,1.0%/yr drag (2x: 2.0%),3,FAIL,research/run_phase1.py,"failed G1,G2,G3,G4,G5,G6,G8"
P1-H08-AC,2026-09-11,phase1,AC,L/S accruals (low minus high),The accruals (low minus high) premium survives publication and trading costs,"Ken French library, CRSP (Portfolios_Formed_on_AC)",1963-07..2026-07,1997-01..2026-07,+0.7% ex-cash,0.12,-32%,1.0%/yr drag (2x: 2.0%),3,FAIL,research/run_phase1.py,"failed G1,G2,G3,G8"
P1-H08-NI,2026-09-11,phase1,NI,L/S net share issuance (low minus high),The net share issuance (low minus high) premium survives publication and trading costs,"Ken French library, CRSP (Portfolios_Formed_on_NI)",1963-07..2026-07,2009-01..2026-07,-1.7% ex-cash,-0.07,-50%,1.0%/yr drag (2x: 2.0%),3,FAIL,research/run_phase1.py,"failed G1,G2,G3,G4,G5,G6,G8"
P1-H08-BETA,2026-09-11,phase1,BETA,L/S low beta (low minus high),The low beta (low minus high) premium survives publication and trading costs,"Ken French library, CRSP (Portfolios_Formed_on_BETA)",1963-07..2026-07,1973-01..2026-07,-6.1% ex-cash,-0.19,-98%,1.0%/yr drag (2x: 2.0%),3,FAIL,research/run_phase1.py,"failed G1,G2,G3,G4,G5,G6,G8"
P1-H08-RESVAR,2026-09-11,phase1,RESVAR,L/S low residual variance (low minus high),The low residual variance (low minus high) premium survives publication and trading costs,"Ken French library, CRSP (Portfolios_Formed_on_RESVAR)",1963-07..2026-07,2007-01..2026-07,-6.4% ex-cash,-0.17,-88%,3.0%/yr drag (2x: 6.0%),3,FAIL,research/run_phase1.py,"failed G1,G2,G3,G4,G5,G6,G8"
P1-H09-SMB,2026-09-11,phase1,SMB,long-only size (small minus big) tilt,A long-only tilt toward size beats the market after costs,"Ken French library, CRSP (Portfolios_Formed_on_ME, VW Lo 20); live ETFs",1926-07..2026-07,1982-01..2026-07,-1.6% ex-cash,-0.07,-74%,0.50%/yr drag (2x: 1.00%),3,FAIL,research/run_phase1.py,"failed G1,G2,G3,G4,G5,G6"
P1-H09-HML,2026-09-11,phase1,HML,long-only value (high minus low book-to-market) tilt,A long-only tilt toward value beats the market after costs,"Ken French library, CRSP (Portfolios_Formed_on_BE-ME, VW Hi 20); live ETFs",1926-07..2026-07,1986-01..2026-07,+1.8% ex-cash,0.23,-53%,0.50%/yr drag (2x: 1.00%),3,FAIL,research/run_phase1.py,"failed G1,G2,G3,G9"
P1-H09-UMD,2026-09-11,phase1,UMD,long-only momentum (12-2) tilt,A long-only tilt toward momentum beats the market after costs,"Ken French library, CRSP (10_Portfolios_Prior_12_2, VW Hi PRIOR); live ETFs",1927-01..2026-07,1994-01..2026-07,+1.9% ex-cash,0.20,-42%,1.50%/yr drag (2x: 3.00%),3,FAIL,research/run_phase1.py,"failed G1,G2,G3,G6"
P1-H09-STR,2026-09-11,phase1,STR,long-only short-term reversal (1-0) tilt,A long-only tilt toward short-term reversal beats the market after costs,"Ken French library, CRSP (10_Portfolios_Prior_1_0, VW Lo PRIOR); live ETFs",1926-07..2026-07,1991-01..2026-07,-5.8% ex-cash,-0.25,-90%,4.00%/yr drag (2x: 8.00%),3,FAIL,research/run_phase1.py,"failed G1,G2,G3,G4,G5,G6"
P1-H09-LTR,2026-09-11,phase1,LTR,long-only long-term reversal (60-13) tilt,A long-only tilt toward long-term reversal beats the market after costs,"Ken French library, CRSP (10_Portfolios_Prior_60_13, VW Lo PRIOR); live ETFs",1931-01..2026-07,1986-01..2026-07,+1.0% ex-cash,0.14,-68%,0.75%/yr drag (2x: 1.50%),3,FAIL,research/run_phase1.py,"failed G1,G2,G3"
P1-H09-RMW,2026-09-11,phase1,RMW,long-only profitability (robust minus weak) tilt,A long-only tilt toward profitability beats the market after costs,"Ken French library, CRSP (Portfolios_Formed_on_OP, VW Hi 20); live ETFs",1963-07..2026-07,2014-01..2026-07,+0.3% ex-cash,0.09,-16%,0.50%/yr drag (2x: 1.00%),3,FAIL,research/run_phase1.py,"failed G1,G2,G3,G4,G6,G9"
P1-H09-CMA,2026-09-11,phase1,CMA,long-only investment (conservative minus aggressive) tilt,A long-only tilt toward investment beats the market after costs,"Ken French library, CRSP (Portfolios_Formed_on_INV, VW Lo 20); live ETFs",1963-07..2026-07,2005-01..2026-07,-0.1% ex-cash,0.01,-28%,0.50%/yr drag (2x: 1.00%),3,FAIL,research/run_phase1.py,"failed G1,G2,G3,G4,G5,G6"
P1-H09-AC,2026-09-11,phase1,AC,long-only accruals (low minus high) tilt,A long-only tilt toward accruals beats the market after costs,"Ken French library, CRSP (Portfolios_Formed_on_AC, VW Lo 20); live ETFs",1963-07..2026-07,1997-01..2026-07,+1.2% ex-cash,0.22,-17%,0.50%/yr drag (2x: 1.00%),3,FAIL,research/run_phase1.py,"failed G1,G2,G3,G6"
P1-H09-NI,2026-09-11,phase1,NI,long-only net share issuance (low minus high) tilt,A long-only tilt toward net share issuance beats the market after costs,"Ken French library, CRSP (Portfolios_Formed_on_NI, VW Lo 20); live ETFs",1963-07..2026-07,2009-01..2026-07,-2.9% ex-cash,-0.47,-45%,0.50%/yr drag (2x: 1.00%),3,FAIL,research/run_phase1.py,"failed G1,G2,G3,G4,G5,G6"
P1-H09-BETA,2026-09-11,phase1,BETA,long-only low beta (low minus high) tilt,A long-only tilt toward low beta beats the market after costs,"Ken French library, CRSP (Portfolios_Formed_on_BETA, VW Lo 20); live ETFs",1963-07..2026-07,1973-01..2026-07,-1.6% ex-cash,-0.13,-72%,0.50%/yr drag (2x: 1.00%),3,FAIL,research/run_phase1.py,"failed G1,G2,G3,G4,G5,G6"
P1-H09-RESVAR,2026-09-11,phase1,RESVAR,long-only low residual variance (low minus high) tilt,A long-only tilt toward low residual variance beats the market after costs,"Ken French library, CRSP (Portfolios_Formed_on_RESVAR, VW Lo 20); live ETFs",1963-07..2026-07,2007-01..2026-07,-1.6% ex-cash,-0.33,-39%,1.50%/yr drag (2x: 3.00%),3,FAIL,research/run_phase1.py,"failed G1,G2,G3,G4,G5,G6"
P1-H10-LS,2026-09-11,phase1,INDMOM,"L/S industry momentum (49 industries, 12-1)",Industries that outperformed over the past year (skipping the last month) keep outperforming next month,"Ken French 49 industry portfolios (VW), CRSP 1926->",1927-07..2026-07,2000-01..2026-07,+0.9% ex-cash,0.15,-58%,2.0%/yr drag (2x: 4.0%),5,FAIL,research/run_phase1.py,"failed G1,G2,G3,G8"
P1-H10-LO,2026-09-11,phase1,INDMOM,Long-only industry momentum vs EW industries,Holding only last year's winning industries beats holding all industries equally,"Ken French 49 industry portfolios (VW), CRSP 1926->; SPDR sector ETFs (reported)",1927-07..2026-07,2000-01..2026-07,+0.8% ex-cash,0.13,-39%,1.0%/yr drag (2x: 2.0%),5,FAIL,research/run_phase1.py,"failed G1,G2,G3"
P1-H01-A1,2026-09-11,phase1,VRP,CBOE PutWrite index (^PUT) [amendment A1],Systematic at-the-money put-writing earns the volatility risk premium,"Yahoo ^PUT 1996->, ^IRX",1996-08-05..2026-09-10,2008-01-02..2026-09-10,+5.1% ex-cash,0.43,-38%,0.50%/yr drag (2x: 1.00%),1,FAIL,research/run_phase1.py,"amendment A1 (index bad-print fix), reported alongside P1-H01; failed G2,G3"
EN-E1-H5,2026-09-11,engine,intraday-engine,"Prediction engine E1 (pasted TradingView prompt as fixed rules), 1-5 min call","A multi-timeframe, regime-weighted indicator engine calls the next 5 minutes better than no-skill controls and its BUY/SELL actions profit after costs",Coinbase 1m BTC-USD/ETH-USD; Yahoo 1m SPY/QQQ/NVDA/TSLA + native 5m/15m/60m,crypto 2025-09-25..2026-09-11; stocks 2026-08-14..2026-09-10,whole window (no fitted parameters),"crypto per coin/yr: +26% free, -97% at 0.05%/side, -100% retail; stocks -0.5% free, -2.0% retail (19 sessions)",,-100% (crypto retail),crypto 0/0.05/0.35%/side; stocks 0/0.01/0.02%/side,1,FAIL,research/run_engine.py,"failed G1-G5 both groups; up/down hit crypto 26.2% vs shuffled 28.3% (z -18), sign hit 46.9%; stocks 25.2% vs 29.3%, sign 46.9%"
EN-E1-H30,2026-09-11,engine,intraday-engine,"Prediction engine E1 (pasted TradingView prompt as fixed rules), 5-30 min call","A multi-timeframe, regime-weighted indicator engine calls the next 30 minutes better than no-skill controls and its BUY/SELL actions profit after costs",Coinbase 1m BTC-USD/ETH-USD; Yahoo 1m SPY/QQQ/NVDA/TSLA + native 5m/15m/60m,crypto 2025-09-25..2026-09-11; stocks 2026-08-14..2026-09-10,whole window (no fitted parameters),"crypto per coin/yr: +26% free, -97% at 0.05%/side, -100% retail; stocks -0.5% free, -2.0% retail (19 sessions)",,-100% (crypto retail),crypto 0/0.05/0.35%/side; stocks 0/0.01/0.02%/side,1,FAIL,research/run_engine.py,"failed G1-G5 both groups; crypto hit 25.6% vs shuffled 30.3% (z -41), sign 46.1%, stated 70-80% -> actual 27%; stocks 22.8% vs 30.7%, sign 46.4%, stated 73% -> 19%"
EN-E1-H120,2026-09-11,engine,intraday-engine,"Prediction engine E1 (pasted TradingView prompt as fixed rules), 30-120 min call","A multi-timeframe, regime-weighted indicator engine calls the next 120 minutes better than no-skill controls and its BUY/SELL actions profit after costs",Coinbase 1m BTC-USD/ETH-USD; Yahoo 1m SPY/QQQ/NVDA/TSLA + native 5m/15m/60m,crypto 2025-09-25..2026-09-11; stocks 2026-08-14..2026-09-10,whole window (no fitted parameters),"crypto per coin/yr: +26% free, -97% at 0.05%/side, -100% retail; stocks -0.5% free, -2.0% retail (19 sessions)",,-100% (crypto retail),crypto 0/0.05/0.35%/side; stocks 0/0.01/0.02%/side,1,FAIL,research/run_engine.py,"failed G1-G5 both groups; crypto hit 24.8% vs shuffled 33.0% (z -78), sign 45.7%; stocks 19.8% vs 25.1%, sign 52.3% (~2.2k calls, 19 sessions)"
EN-E2-H5,2026-09-11,engine,intraday-engine,"Prediction engine E2 = E1 + learning filter (issue only call types whose resolved record beats base rate +5pp), 1-5 min call",Filtering the engine's calls by their own resolved track record produces calls for the next 5 minutes that beat no-skill controls and profit after costs,Coinbase 1m BTC-USD/ETH-USD; Yahoo 1m SPY/QQQ/NVDA/TSLA + native 5m/15m/60m,crypto 2025-09-25..2026-09-11; stocks 2026-08-14..2026-09-10,whole window (no fitted parameters),"crypto 764 trades: +0.8% free, -92.7% retail; stocks: no trades",,-93% (crypto retail),crypto 0/0.05/0.35%/side; stocks 0/0.01/0.02%/side,1,FAIL,research/run_engine.py,"failed G1-G5 both groups; crypto called up/down on 2.6% of decisions, hit 27.7% vs shuffled 29.0%; stocks: no call type ever qualified -> 0 calls"
EN-E2-H30,2026-09-11,engine,intraday-engine,"Prediction engine E2 = E1 + learning filter (issue only call types whose resolved record beats base rate +5pp), 5-30 min call",Filtering the engine's calls by their own resolved track record produces calls for the next 30 minutes that beat no-skill controls and profit after costs,Coinbase 1m BTC-USD/ETH-USD; Yahoo 1m SPY/QQQ/NVDA/TSLA + native 5m/15m/60m,crypto 2025-09-25..2026-09-11; stocks 2026-08-14..2026-09-10,whole window (no fitted parameters),"crypto 764 trades: +0.8% free, -92.7% retail; stocks: no trades",,-93% (crypto retail),crypto 0/0.05/0.35%/side; stocks 0/0.01/0.02%/side,1,FAIL,research/run_engine.py,"failed G1-G5 both groups; crypto 4.0% of decisions, hit 25.8% vs shuffled 30.7% (z -10); stocks 0 calls"
EN-E2-H120,2026-09-11,engine,intraday-engine,"Prediction engine E2 = E1 + learning filter (issue only call types whose resolved record beats base rate +5pp), 30-120 min call",Filtering the engine's calls by their own resolved track record produces calls for the next 120 minutes that beat no-skill controls and profit after costs,Coinbase 1m BTC-USD/ETH-USD; Yahoo 1m SPY/QQQ/NVDA/TSLA + native 5m/15m/60m,crypto 2025-09-25..2026-09-11; stocks 2026-08-14..2026-09-10,whole window (no fitted parameters),"crypto 764 trades: +0.8% free, -92.7% retail; stocks: no trades",,-93% (crypto retail),crypto 0/0.05/0.35%/side; stocks 0/0.01/0.02%/side,1,FAIL,research/run_engine.py,"failed G1-G5 both groups; crypto 7.3% of decisions, hit 24.2% vs shuffled 34.3% (z -30); stocks 11 calls, 0 correct"
SN-S1,2026-09-11,sniper,intraday-sniper,"Sniper system (pasted autonomous-trading prompt as fixed rules: 8 setups, score gate, TP1-3 scale-out + breakeven + trailing, 0.5-1% risk sizing, 2% daily loss limit, cost veto, catalyst blackout), S1: trade scores >= 70",Selective setups run through the prompt's exit and risk engine have positive expectancy after costs and beat random entries through the same exits,Coinbase 1m BTC/ETH/SOL/XRP/DOGE-USD; Yahoo 1m + native 5m/15m/60m for SPY QQQ IWM DIA AAPL MSFT NVDA AMZN GOOGL META TSLA AVGO AMD NFLX JPM XOM; BLS CPI/jobs + FOMC calendars,crypto 2025-09-25..2026-09-10; stocks 2026-08-14..2026-09-10,whole window (no fitted parameters),"crypto per coin: free +1.9%, 0.05%/side -28.0%, retail 3 trades (cost veto blocked 18,185); stocks free -0.0%, retail -0.4% (19 sessions)",,-30% (crypto 0.05%/side),crypto 0/0.05/0.35/0.70%/side; stocks 0/0.01/0.02/0.04%/side,1,FAIL,research/run_sniper.py,"failed G1-G4 both groups; crypto free 12,418 trades mean +0.000R PF 1.00, below random entries through the same exits (10th pct); stocks free 348 trades -0.008R (49th pct), retail 152 trades -0.168R PF 0.68"
SN-S2,2026-09-11,sniper,intraday-sniper,"Sniper system (pasted autonomous-trading prompt as fixed rules: 8 setups, score gate, TP1-3 scale-out + breakeven + trailing, 0.5-1% risk sizing, 2% daily loss limit, cost veto, catalyst blackout), S2: high conviction only, scores >= 85",Selective setups run through the prompt's exit and risk engine have positive expectancy after costs and beat random entries through the same exits,Coinbase 1m BTC/ETH/SOL/XRP/DOGE-USD; Yahoo 1m + native 5m/15m/60m for SPY QQQ IWM DIA AAPL MSFT NVDA AMZN GOOGL META TSLA AVGO AMD NFLX JPM XOM; BLS CPI/jobs + FOMC calendars,crypto 2025-09-25..2026-09-10; stocks 2026-08-14..2026-09-10,whole window (no fitted parameters),"crypto per coin: free -2.3%, 0.05%/side -11.1%, retail 0 trades; stocks retail -0.0% (23 trades)",,-13% (crypto 0.05%/side),crypto 0/0.05/0.35/0.70%/side; stocks 0/0.01/0.02/0.04%/side,1,FAIL,research/run_sniper.py,"failed G1-G4 both groups; crypto free 2,840 trades -0.017R (4th pct of random entries); 85+ signals did no better than <70 signals; stocks free 50 trades -0.002R, retail 23 trades -0.130R"
SN-S3,2026-09-11,sniper,intraday-sniper,"Sniper system (pasted autonomous-trading prompt as fixed rules: 8 setups, score gate, TP1-3 scale-out + breakeven + trailing, 0.5-1% risk sizing, 2% daily loss limit, cost veto, catalyst blackout), S3: scanner portfolio, best-ranked candidates across the group, <=2 positions / 1% open risk",Selective setups run through the prompt's exit and risk engine have positive expectancy after costs and beat random entries through the same exits,Coinbase 1m BTC/ETH/SOL/XRP/DOGE-USD; Yahoo 1m + native 5m/15m/60m for SPY QQQ IWM DIA AAPL MSFT NVDA AMZN GOOGL META TSLA AVGO AMD NFLX JPM XOM; BLS CPI/jobs + FOMC calendars,crypto 2025-09-25..2026-09-10; stocks 2026-08-14..2026-09-10,whole window (no fitted parameters),"crypto portfolio: free +16.4%, 0.05%/side -68.4%, retail 3 trades; stocks portfolio retail -4.8%",,-69% (crypto 0.05%/side),crypto 0/0.05/0.35/0.70%/side; stocks 0/0.01/0.02/0.04%/side,1,FAIL,research/run_sniper.py,"failed G1-G4 both groups; crypto free 9,033 trades +0.007R (29th pct of random entries); stocks free 210 trades +0.017R (63rd pct), retail 125 trades -0.207R PF 0.63"
SN-S4,2026-09-11,sniper,intraday-sniper,"Sniper system (pasted autonomous-trading prompt as fixed rules: 8 setups, score gate, TP1-3 scale-out + breakeven + trailing, 0.5-1% risk sizing, 2% daily loss limit, cost veto, catalyst blackout), S4: trade only (setup, side) types whose trailing shadow record is positive after costs",Selective setups run through the prompt's exit and risk engine have positive expectancy after costs and beat random entries through the same exits,Coinbase 1m BTC/ETH/SOL/XRP/DOGE-USD; Yahoo 1m + native 5m/15m/60m for SPY QQQ IWM DIA AAPL MSFT NVDA AMZN GOOGL META TSLA AVGO AMD NFLX JPM XOM; BLS CPI/jobs + FOMC calendars,crypto 2025-09-25..2026-09-10; stocks 2026-08-14..2026-09-10,whole window (no fitted parameters),"crypto per coin: free +2.9%, 0.05%/side -2.6% (81 trades), retail 0 trades; stocks retail +0.0% (22 trades)",,-9% (crypto free),crypto 0/0.05/0.35/0.70%/side; stocks 0/0.01/0.02/0.04%/side,1,FAIL,research/run_sniper.py,"failed G1-G4 both groups; crypto free 6,220 trades +0.006R (12th pct of random entries); stocks retail 22 trades +0.177R PF 1.42 but 99.5% lower bound -0.291R and <30 trades, free 56 trades +0.192R (95th pct, bar is 99.5th)"
SR-RETAIL,2026-09-11,search,intraday-sniper-search,"Honest grid search (PREREG_SEARCH.md): 11 entry families (8 sniper setups, ALL8, 60-min momentum, 15-min reversal) x side x min score x regime x 24 exit variants (stop x1/x3, scale-out/2R/no target, 60/480 min, invalidation on/off) = 9,504 configs; top 10 by first-half t-stat, judged on the second half; fee track 0.35%/side","At least one configuration picked on the first half stays profitable after fees on the second half, beats random entries through the same exits and works on 3 of 5 coins","Coinbase 1m BTC/ETH/SOL/XRP/DOGE-USD (finalists also run on 16 US stocks/ETFs, 19 sessions)",train 2025-09-25..2026-03-18,2026-03-19..2026-09-10,"finalists' second-half mean R -1.12 to -2.01 per trade; 0 of 5,235 configs positive in either half",,,0.35%/side,9504,FAIL,research/run_search.py,"NOT FOUND: 0/10 finalists pass W1-W3 (0/5 coins positive each); no-fee first-half rank does not predict the second half (Spearman -0.005 over 5,235 configs); random-entry search's finalists lost about as much"
SR-LOW,2026-09-11,search,intraday-sniper-search,"Honest grid search (PREREG_SEARCH.md): 11 entry families (8 sniper setups, ALL8, 60-min momentum, 15-min reversal) x side x min score x regime x 24 exit variants (stop x1/x3, scale-out/2R/no target, 60/480 min, invalidation on/off) = 9,504 configs; top 10 by first-half t-stat, judged on the second half; fee track 0.05%/side (same 9,504 configs as SR-RETAIL)","At least one configuration picked on the first half stays profitable after fees on the second half, beats random entries through the same exits and works on 3 of 5 coins","Coinbase 1m BTC/ETH/SOL/XRP/DOGE-USD (finalists also run on 16 US stocks/ETFs, 19 sessions)",train 2025-09-25..2026-03-18,2026-03-19..2026-09-10,"finalists (all 60-min momentum shorts, stop x3, 480 min) +0.10 to +0.26R first half -> -0.22 to -0.37R second half",,,0.05%/side,0,FAIL,research/run_search.py,"NOT FOUND: 0/10 finalists pass; 1.7% of configs positive in the first half, 0.6% in the second, 0.0% in both; random-entry search best first-half t +1.03 vs real +2.74; all finalists negative on stocks; n_configs 0 because the grid is counted in SR-RETAIL"
P2-H14-LO,2026-09-11,phase2,AUCTION,IEF after 10-year note auctions,Treasury prices recover in the sessions after an auction as dealers distribute the new supply,"fiscaldata.treasury.gov auctions, Yahoo IEF/TLT 2002->, ^IRX",2002-08-01..2026-09-11,2014-01-02..2026-09-11,-0.9% ex-cash,-0.26,-17%,1bp/side (2x: 2bp),5,FAIL,research/run_phase2.py,"failed G1,G2,G3,G4,G5,G6,G7"
P2-H14-LS,2026-09-11,phase2,AUCTION,"IEF short into, long out of 10-year auctions","Prices sag into an auction and recover after it, so short the five sessions before and hold the five after","fiscaldata.treasury.gov auctions, Yahoo IEF/TLT 2002->, ^IRX",2002-08-01..2026-09-11,2014-01-02..2026-09-11,-0.1% ex-cash,0.00,-13%,1bp/side + 0.50%/yr borrow on shorts (2x: 2bp),5,FAIL,research/run_phase2.py,"failed G1,G2,G3,G4,G7"
P2-H11-LS,2026-09-11,phase2,PEAD-EAR,"Earnings-reaction drift, long/short",The strongest 3-day reactions to earnings keep beating the weakest for 60 sessions,SEC EDGAR 8-K Item 2.02/12 acceptance times; Yahoo prices; S&P 500 + 400 members,2003-10-17..2026-09-10,2009-01-02..2026-09-10,-4.0% ex-cash,-0.69,-53%,5/10bp per side + 0.30%/yr borrow (2x costs),7,FAIL,research/run_phase2.py,"failed G1,G10,G2,G3,G4,G5,G6,G7,G8"
P2-H11-LO,2026-09-11,phase2,PEAD-EAR,"Earnings-reaction drift, long-only",Holding the strongest earnings reactions for 60 sessions beats holding the universe,SEC EDGAR 8-K Item 2.02/12 acceptance times; Yahoo prices; S&P 500 + 400 members,2003-10-17..2026-09-10,2009-01-02..2026-09-10,-1.4% ex-cash,-0.12,-36%,5/10bp per side (2x costs),7,FAIL,research/run_phase2.py,"failed G1,G10,G2,G3,G4,G6"
P2-H12-LS,2026-09-11,phase2,PEAD-SUE,"Earnings-surprise drift, long/short",Stocks with the largest standardized earnings surprises beat those with the smallest for 60 sessions after the 10-Q,SEC XBRL EPS from original 10-Qs + EDGAR acceptance times; Yahoo prices; S&P 500 + 400,2011-05-05..2026-09-10,2011-05-05..2026-09-10,-1.2% ex-cash,-0.10,-42%,5/10bp per side + 0.30%/yr borrow (2x costs),7,FAIL,research/run_phase2.py,"failed G1,G10,G2,G3,G4,G6,G7,G8"
P2-H12-LO,2026-09-11,phase2,PEAD-SUE,"Earnings-surprise drift, long-only",Holding the largest standardized earnings surprises for 60 sessions beats the universe,SEC XBRL EPS from original 10-Qs + EDGAR acceptance times; Yahoo prices; S&P 500 + 400,2011-05-05..2026-09-10,2011-05-05..2026-09-10,-4.2% ex-cash,-0.41,-54%,5/10bp per side (2x costs),7,FAIL,research/run_phase2.py,"failed G1,G10,G2,G3,G4,G5,G6,G7"
P2-H13-LS,2026-09-11,phase2,INSIDER,Opportunistic insider buys minus sells,Stocks bought by opportunistic insiders beat stocks they sell over the next month,SEC Insider Transactions Data Sets (Form 4) 2006->; Yahoo prices; S&P 500 + 400,2009-02-02..2026-09-10,2012-01-03..2026-09-10,-100.0% ex-cash,-0.37,-171%,5/10bp per side + 0.30%/yr borrow (2x costs),7,FAIL,research/run_phase2.py,"failed G1,G10,G2,G3,G4,G5,G6,G7,G8"
P2-H13-LO,2026-09-11,phase2,INSIDER,"Opportunistic insider buys, long-only",Stocks bought by opportunistic insiders beat the universe over the next month,SEC Insider Transactions Data Sets (Form 4) 2006->; Yahoo prices; S&P 500 + 400,2009-02-02..2026-09-10,2012-01-03..2026-09-10,-12.4% ex-cash,-0.57,-90%,5/10bp per side (2x costs),7,FAIL,research/run_phase2.py,"failed G1,G10,G2,G3,G4,G5,G6,G7"
P2-H14-LO-A1,2026-09-11,phase2,AUCTION,IEF after 10-year note auctions [amendment A1: splice fix],Treasury prices recover in the sessions after an auction as dealers distribute the new supply,"fiscaldata.treasury.gov auctions, Yahoo IEF/TLT 2002->, ^IRX",2002-08-01..2026-09-11,2014-01-02..2026-09-11,-0.9% ex-cash,-0.26,-17%,1bp/side (2x: 2bp),5,FAIL,research/run_phase2.py,"failed G1,G2,G3,G4,G5,G6,G7"
P2-H14-LS-A1,2026-09-11,phase2,AUCTION,"IEF short into, long out of 10-year auctions [amendment A1: splice fix]","Prices sag into an auction and recover after it, so short the five sessions before and hold the five after","fiscaldata.treasury.gov auctions, Yahoo IEF/TLT 2002->, ^IRX",2002-08-01..2026-09-11,2014-01-02..2026-09-11,-0.1% ex-cash,0.00,-13%,1bp/side + 0.50%/yr borrow on shorts (2x: 2bp),5,FAIL,research/run_phase2.py,"failed G1,G2,G3,G4,G7"
P2-H11-LS-A1,2026-09-11,phase2,PEAD-EAR,"Earnings-reaction drift, long/short [amendment A1: splice fix]",The strongest 3-day reactions to earnings keep beating the weakest for 60 sessions,SEC EDGAR 8-K Item 2.02/12 acceptance times; Yahoo prices; S&P 500 + 400 members,2003-10-17..2026-09-10,2009-01-02..2026-09-10,-4.0% ex-cash,-0.69,-53%,5/10bp per side + 0.30%/yr borrow (2x costs),7,FAIL,research/run_phase2.py,"failed G1,G10,G2,G3,G4,G5,G6,G7,G8"
P2-H11-LO-A1,2026-09-11,phase2,PEAD-EAR,"Earnings-reaction drift, long-only [amendment A1: splice fix]",Holding the strongest earnings reactions for 60 sessions beats holding the universe,SEC EDGAR 8-K Item 2.02/12 acceptance times; Yahoo prices; S&P 500 + 400 members,2003-10-17..2026-09-10,2009-01-02..2026-09-10,+0.6% ex-cash,0.17,-8%,5/10bp per side (2x costs),7,FAIL,research/run_phase2.py,"failed G1,G10,G2,G3,G4"
P2-H12-LS-A1,2026-09-11,phase2,PEAD-SUE,"Earnings-surprise drift, long/short [amendment A1: splice fix]",Stocks with the largest standardized earnings surprises beat those with the smallest for 60 sessions after the 10-Q,SEC XBRL EPS from original 10-Qs + EDGAR acceptance times; Yahoo prices; S&P 500 + 400,2011-05-05..2026-09-10,2011-05-05..2026-09-10,-1.2% ex-cash,-0.10,-42%,5/10bp per side + 0.30%/yr borrow (2x costs),7,FAIL,research/run_phase2.py,"failed G1,G10,G2,G3,G4,G6,G7,G8"
P2-H12-LO-A1,2026-09-11,phase2,PEAD-SUE,"Earnings-surprise drift, long-only [amendment A1: splice fix]",Holding the largest standardized earnings surprises for 60 sessions beats the universe,SEC XBRL EPS from original 10-Qs + EDGAR acceptance times; Yahoo prices; S&P 500 + 400,2011-05-05..2026-09-10,2011-05-05..2026-09-10,-1.9% ex-cash,-0.34,-33%,5/10bp per side (2x costs),7,FAIL,research/run_phase2.py,"failed G1,G10,G2,G3,G4,G5,G6,G7"
P2-H13-LS-A1,2026-09-11,phase2,INSIDER,Opportunistic insider buys minus sells [amendment A1: splice fix],Stocks bought by opportunistic insiders beat stocks they sell over the next month,SEC Insider Transactions Data Sets (Form 4) 2006->; Yahoo prices; S&P 500 + 400,2009-02-02..2026-09-10,2012-01-03..2026-09-10,-10.3% ex-cash,-0.48,-86%,5/10bp per side + 0.30%/yr borrow (2x costs),7,FAIL,research/run_phase2.py,"failed G1,G10,G2,G3,G4,G5,G6,G7,G8"
P2-H13-LO-A1,2026-09-11,phase2,INSIDER,"Opportunistic insider buys, long-only [amendment A1: splice fix]",Stocks bought by opportunistic insiders beat the universe over the next month,SEC Insider Transactions Data Sets (Form 4) 2006->; Yahoo prices; S&P 500 + 400,2009-02-02..2026-09-10,2012-01-03..2026-09-10,-10.1% ex-cash,-0.51,-85%,5/10bp per side (2x costs),7,FAIL,research/run_phase2.py,"failed G1,G10,G2,G3,G4,G5,G6,G7"
P3-H20-LO,2026-09-12,phase3,TERM,IEF when the term-spread forecast is positive,An expanding-window forecast from the 10-year minus 3-month yield spread times bond duration; hold IEF only when the forecast next-month excess return is positive,"FRED DGS10/DGS5/DGS2/DTB3 (1954/1962->), Yahoo IEF/TLT 2002->, ^IRX",2002-08-01..2026-09-11,2002-08-01..2026-09-11,+1.8% ex-cash,0.35,-23%,1bp/side (2x: 2bp),5,FAIL,research/run_h20.py,"failed G1,G2,G3,G7"
P3-H20-LS,2026-09-12,phase3,TERM,IEF long/short on the term-spread forecast,"An expanding-window forecast from the 10-year minus 3-month yield spread times bond duration; long IEF when the forecast is positive, short otherwise","FRED DGS10/DGS5/DGS2/DTB3 (1954/1962->), Yahoo IEF/TLT 2002->, ^IRX",2002-08-01..2026-09-11,2002-08-01..2026-09-11,+0.2% ex-cash,0.06,-38%,1bp/side + 0.50%/yr borrow on shorts (2x: 2bp),5,FAIL,research/run_h20.py,"failed G1,G2,G3,G7"
P4-H31,2026-09-12,phase4,DUALMOM,"Dual momentum (SPY vs EFA 12m, AGG below T-bills)","Holding the stronger of US and non-US stocks over 12 months, and bonds when it trails T-bills, beats the market","Yahoo SPY/EFA/AGG/IEF (adjusted) 2001->, ^IRX",2004-10-01..2026-09-11,2013-01-02..2026-09-11,+6.7% ex-cash,0.50,-34%,"1bp SPY, 2bp EFA/AGG/IEF per side (2x)",5,FAIL,research/run_phase4.py,"failed G2,G3,G7"
P4-H32,2026-09-12,phase4,HALLOWEEN,"Halloween: SPY Nov-Apr, cash May-Oct",Stocks earn their excess return from November to April; summer months earn about nothing,"Yahoo SPY/IWM/DIA/QQQ/EFA (adjusted) 1993->, ^IRX",1993-02-01..2026-09-11,2003-01-02..2026-09-11,+5.6% ex-cash,0.47,-37%,1bp/side SPY (2x: 2bp),5,FAIL,research/run_phase4.py,"failed G2,G3,G7"
P4-H33,2026-09-12,phase4,FOMCCYCLE,"FOMC cycle: SPY in even weeks (days -1..3, 9..13, 19..23, 29..33)",US stock returns concentrate in even weeks of FOMC cycle time (Fed policy news cycle),"federalreserve.gov calendars 1994->, Yahoo SPY/QQQ/IWM/DIA (adjusted), ^IRX",1994-02-01..2026-09-11,2016-01-04..2026-09-11,+3.0% ex-cash,0.30,-27%,1bp/side SPY (2x: 2bp),5,FAIL,research/run_phase4.py,"failed G1,G2,G3,G7"
P5-H34,2026-09-12,phase5,PREHOLIDAY,Pre-holiday: SPY on the session before NYSE holidays,Stocks earn an abnormal return on the last trading day before a market holiday,"NYSE holiday rules 1993->, Yahoo SPY/QQQ/IWM/DIA (adjusted), ^IRX",1993-02-01..2026-09-11,1993-02-01..2026-09-11,+0.6% ex-cash,0.24,-9%,1bp/side SPY (2x: 2bp),5,FAIL,research/run_phase5.py,"failed G1,G2,G3,G7"
P5-H35,2026-09-12,phase5,OPEX,Options-expiration week: SPY in the week of the third Friday,Stock returns are higher in the week monthly options expire (hedge rebalancing),"Third-Friday calendar, Yahoo SPY/QQQ/IWM/DIA (adjusted), ^IRX",1993-02-01..2026-09-11,2014-01-02..2026-09-11,+0.4% ex-cash,0.10,-33%,1bp/side SPY (2x: 2bp),5,FAIL,research/run_phase5.py,"failed G1,G2,G3,G6,G7"
P5-H36,2026-09-12,phase5,GTAA,Faber GTAA5: 5 ETFs held above their 10-month average,Holding each asset class only above its 10-month moving average beats holding the same assets throughout,"Yahoo SPY/EFA/IEF/VNQ/DBC/TLT (adjusted) 2001->, ^IRX",2006-12-01..2026-09-11,2008-01-02..2026-09-11,+3.6% ex-cash,0.48,-16%,"1bp SPY, 2bp other ETFs per side (2x)",5,FAIL,research/run_phase5.py,"failed G2,G3,G7"
P5-H37,2026-09-12,phase5,LEVTREND,"Trend-filtered 2x: SSO above SPY's 200-day average, else cash",Leverage held only in uptrends (above the 200-day average) beats the market after costs,"Yahoo SPY/SSO/UPRO/IEF (adjusted) 2006->, ^IRX",2006-07-03..2026-09-11,2017-01-03..2026-09-11,+15.3% ex-cash,0.71,-36%,2bp/side SSO/UPRO/IEF (2x: 4bp),5,FAIL,research/run_phase5.py,"failed G2,G3,G7"
P6-H38,2026-09-12,phase6,SANTA,Santa Claus rally: SPY last 5 Dec + first 2 Jan sessions,Stocks rise over the last five trading days of December and the first two of January,"Yahoo SPY/QQQ/IWM/DIA (adjusted) 1993->, ^IRX",1993-02-01..2026-09-11,1993-02-01..2026-09-11,+0.7% ex-cash,0.27,-7%,1bp/side SPY (2x: 2bp),5,FAIL,research/run_phase6.py,"failed G1,G2,G3,G7"
P6-H39,2026-09-12,phase6,WEEKEND,Weekend effect: SPY except each week's first session,"The return spanning the weekend (each week's first session) is below other days, so skipping it beats holding throughout","Yahoo SPY/QQQ/IWM/DIA (adjusted) 1993->, ^IRX",1993-02-01..2026-09-11,1993-02-01..2026-09-11,+5.2% ex-cash,0.40,-56%,1bp/side SPY (2x: 2bp),5,FAIL,research/run_phase6.py,"failed G2,G3,G7"
P6-H40,2026-09-12,phase6,JANUARY,"January small caps: IWM in January, SPY otherwise","Small caps beat large caps in January, so tilting to IWM each January beats holding SPY","Yahoo SPY/IWM/IJR/MDY (adjusted) 1995->, ^IRX",2001-01-02..2026-09-11,2001-01-02..2026-09-11,+7.1% ex-cash,0.45,-57%,"1bp SPY, 2bp IWM/IJR/MDY per side (2x)",5,FAIL,research/run_phase6.py,"failed G2,G3,G7"
P6-H41,2026-09-12,phase6,PRESCYCLE,"Presidential cycle: SPY in years 3-4, cash in years 1-2",Stocks earn their excess return in the second half of each presidential term,"Yahoo SPY/QQQ/IWM/DIA (adjusted) 1993->, ^IRX",1993-02-01..2026-09-11,2004-01-02..2026-09-11,+3.1% ex-cash,0.28,-52%,1bp/side SPY (2x: 2bp),5,FAIL,research/run_phase6.py,"failed G1,G2,G3,G7"
P7-H42,2026-09-12,phase7,IBS,"IBS swing trade: SPY long below 0.2, flat above 0.8","After a SPY close near the day's low (IBS < 0.2), holding until a close near the high (IBS > 0.8) beats holding the ETF","Yahoo SPY OHLC (adjusted) 1993->, ^IRX",1993-02-01..2026-09-11,2014-01-02..2026-09-11,+7.9% ex-cash,0.72,-22%,1bp/side (2x: 2bp),5,FAIL,research/run_phase7.py,"failed G2,G3,G7"
P7-H43,2026-09-12,phase7,IBS,"IBS swing trade: QQQ long below 0.2, flat above 0.8","After a QQQ close near the day's low (IBS < 0.2), holding until a close near the high (IBS > 0.8) beats holding the ETF","Yahoo QQQ OHLC (adjusted) 1999->, ^IRX",1999-04-01..2026-09-11,2014-01-02..2026-09-11,+11.4% ex-cash,0.82,-17%,1bp/side (2x: 2bp),5,FAIL,research/run_phase7.py,"failed G2,G3"
P8-H44,2026-09-12,phase8,CTRYMOM,Country momentum: top 4 of 17 iShares country ETFs by 12-1 month return,Countries whose stock markets rose most over the past year (skipping the last month) keep beating the other countries,"Yahoo 17 iShares country ETFs + EFA (adjusted) 1996->, ^IRX",1997-04-01..2026-09-11,2014-01-02..2026-09-11,+4.0% ex-cash,0.31,-41%,5bp/side (2x: 10bp),5,FAIL,research/run_phase8.py,"failed G1,G2,G3,G7"
P8-H45,2026-09-12,phase8,FXCARRY,G10 carry: long top 3 / short bottom 3 of 10 currencies by 3-month rate,"High-interest-rate currencies earn more than their exchange rates give back, so long high-rate / short low-rate currencies earns a positive excess return","FRED H.10 daily FX + OECD 3-month interbank rates (2-month lag) 2002->, French Mkt-RF; Yahoo DBV (live)",2002-07..2026-08,2008-01..2026-08,-0.1% ex-cash,0.02,-24%,3bp/side x turnover + 0.5%/yr rollover markup x notional (2x both),5,FAIL,research/run_phase8.py,"failed G1,G2,G3,G4,G5,G6,G7,G9"
P9-H46,2026-09-13,phase9,CRYPTOTREND,"Crypto trend ensemble: top 20 Coinbase coins, 9 Donchian models, 25% vol target","Long-only trend-following on the 20 most-traded coins, sized by volatility, keeps beating holding bitcoin after its 2025 publication (Zarattini, Pagani & Barbon)","Coinbase Exchange daily candles, all USD pairs incl. delisted, 2022-01 -> 2026-09-12; ^IRX",2023-01-01..2026-09-12,2025-04-01..2026-09-12,-0.7% ex-cash,-0.12,-10%,0.25%/side (2x: 0.50%),7,FAIL,research/run_phase9.py,"failed G1,G2,G3,G4,G6,G7"
P9-H47,2026-09-13,phase9,CRYPTOTREND,"Bitcoin trend ensemble: 9 Donchian models, 25% vol target",The same long-only trend ensemble on bitcoin alone beats holding bitcoin after publication,Coinbase Exchange BTC-USD daily candles 2022-01 -> 2026-09-12; ^IRX,2023-01-01..2026-09-12,2025-04-01..2026-09-12,-2.9% ex-cash,-0.23,-17%,0.25%/side (2x: 0.50%),6,FAIL,research/run_phase9.py,"failed G1,G2,G3,G4,G6,G7"
NN-RETAIL,2026-09-15,nn,SETUP-MATCH,"Nearest-neighbor setup matching: 10 nearest historical candles by feature similarity, trade the consensus","Candles that resemble the current one by return/RSI/band/volume features are followed by similar forward moves, enough to trade profitably after fees",Coinbase Exchange BTC-USD 1-minute candles resampled to 5m (2024-09-11 -> 2026-09-10),2024-09-11..2025-09-10 (pool),2025-09-11..2026-09-10,,,,0.25%/side (2x: 0.50%),1,FAIL,research/run_nn.py,"failed G2,G3,G4; after-fee mean -0.499% ~= shuffled-label control's -0.500%; before fees win rate 50.6% (coin flip)"
NN-SHUFFLE,2026-09-15,nn,SETUP-MATCH,"Shuffled-label control for NN-RETAIL: identical neighbor search, votes redrawn at random",Luck yardstick only - not a candidate strategy,Same as NN-RETAIL,2024-09-11..2025-09-10 (pool),2025-09-11..2026-09-10,,,,0.25%/side (2x: 0.50%),200,CONTROL,research/run_nn.py,"mean of 200 runs -0.500%, 95th pct -0.488%; real run's -0.499% sits on top of this"
GA-EVOLVED,2026-09-16,ga,GA-SEARCH,"Genetic algorithm over 9-gene strategies (5 entry families x side x filters x ATR stop/target x max hold), 40 generations x 60 population","A search that mutates the best of many candidate strategies into new ones, repeated for many iterations, finds a strategy that survives completely unseen data","Coinbase Exchange BTC-USD 1-minute candles resampled to 5m (2024-09-11 -> 2026-09-10)",2024-09-11..2026-01-29 (train) / 2026-01-30..2026-06-10 (valid),2026-06-11..2026-09-10,,,,0.25%/side (2x: 0.50%),2400,FAIL,research/run_ga.py,"failed G2,G3,G4; holdout mean -0.50% over 73 trades, worse than random-entry-timing control's 95th pct -0.35%; 0 of 600 logged top candidates ever had positive TRAIN fitness"
GA-RANDOM,2026-09-16,ga,GA-SEARCH,Same budget (2400 genomes) with no selection or mutation - generation 0's process repeated 40 times,Control: did evolution beat trying that many random genomes?,Same as GA-EVOLVED,2024-09-11..2026-01-29 (train) / 2026-01-30..2026-06-10 (valid),2026-06-11..2026-09-10,,,,0.25%/side (2x: 0.50%),2400,CONTROL,research/run_ga.py,"holdout mean -0.26% over 38 trades, also worse than its random-timing control (-0.19%); did about as well as the evolved run"
GA2-EVOLVED,2026-09-16,ga2,GA-SEARCH,"Genetic algorithm round 2: same 9-gene design as GA-EVOLVED, 100 generations x 100 population, disjoint 2022-2024 data","More search budget on unseen data finds a strategy that survives completely unseen data","Coinbase Exchange BTC-USD 1-minute candles resampled to 5m (2022-09-11 -> 2024-09-10, disjoint from round 1)",2022-09-11..2024-01-29 (train) / 2024-01-30..2024-06-10 (valid),2024-06-11..2024-09-10,,,,0.25%/side (2x: 0.50%),10000,FAIL,research/run_ga2.py,"failed G2,G3,G4; validation fitness +0.234% reversed to holdout -0.484% over 29 trades - looked genuinely good in-sample, failed the one untouched look"
GA2-RANDOM,2026-09-16,ga2,GA-SEARCH,Same budget (10000 genomes) with no selection or mutation - round 2's control,Control: did evolution beat trying that many random genomes on the new data too?,Same as GA2-EVOLVED,2022-09-11..2024-01-29 (train) / 2024-01-30..2024-06-10 (valid),2024-06-11..2024-09-10,,,,0.25%/side (2x: 0.50%),10000,CONTROL,research/run_ga2.py,"failed G1 (only 17 holdout trades); validation fitness +0.432% reversed to holdout -0.166%"
WP01,2026-09-21,live,web-picks,"Web Picks: Claude reads the web and picks 0-3 longs per bucket a week (US stocks, micro-caps, Coinbase crypto/meme coins)",Web-researched picks beat luck and beat holding after fees,"Nasdaq screener, Coinbase, Yahoo daily opens; forward only (a backtest would be contaminated by Claude's knowledge)",2026-09-21..12 scored weekly rounds,forward only,,,,0.02% stocks / 0.50% micro / 0.25% crypto per trade (2x per round trip),,RUNNING,live_arena/web_picks/,Reviewed when the 12th round is scored (~2026-12-21); five gates per bucket in PREREG_WEBPICKS.md; scheduled Sundays 5pm (web-picks-weekly)
